證券代號,證券名稱,成交股數,成交金額,開盤價,最高價,最低價,收盤價,漲跌價差,成交筆數
"0050","元大台灣50","7,666,763","604,180,835","78.65","79.05","78.35","79.05","+1.35","3,677"
"0051","元大中型100","12,000","369,900","30.90","30.90","30.80","30.83","+0.28","6"
"0052","富邦科技","106,100","5,431,509","50.90","51.20","50.90","51.20","+1.00","11"
"0053","元大電子","11,000","359,790","32.75","32.90","32.50","32.90","+0.74","7"
"0054","元大台商50","12,000","253,160","21.08","21.10","21.08","21.10","+0.30","4"
"0055","元大MSCI金融","207,603","3,745,902","17.98","18.10","17.98","18.10","+0.19","63"
"0056","元大高股息","4,686,447","121,479,396","25.90","25.99","25.87","25.99","+0.30","2,291"
"0057","富邦摩台","24,000","1,193,640","49.48","49.80","49.48","49.77","+0.85","5"
"0058","富邦發達","22,000","990,610","44.91","45.04","44.90","45.04","+0.31","5"
"0059","富邦金融","28,000","1,296,840","46.21","46.35","46.17","46.35","+0.71","5"
"0061","元大寶滬深","1,177,823","20,110,081","17.06","17.12","16.99","17.06","+0.07","243"
"006203","元大MSCI台灣","1,000","36,790","36.79","36.79","36.79","36.79","+0.76","1"
"006204","永豐臺灣加權","4,000","208,000","51.85","52.05","51.85","52.05","+0.50","2"
"006205","富邦上証","1,870,479","56,130,205","29.99","30.09","29.80","30.06","+0.22","216"
"006206","元大上證50","609,482","19,044,213","31.22","31.45","31.04","31.33","+0.29","156"
"006207","FH滬深","266,200","5,917,932","22.16","22.36","22.11","22.36","+0.22","85"
"006208","富邦台50","143,152","6,431,479","44.98","45.14","44.73","45.14","+0.88","128"
"00625K","富邦上証+R","55,000","367,300","6.66","6.68","6.66","6.68","+0.04","3"
"00631L","元大台灣50正2","3,115,281","114,849,645","36.63","37.10","36.40","37.10","+1.25","1,032"
"00632R","元大台灣50反1","115,252,110","1,392,188,241","12.14","12.19","12.05","12.05","-0.21","6,458"
"00633L","富邦上証正2","41,033,300","1,696,589,134","41.06","41.80","40.55","41.56","+1.17","6,778"
"00634R","富邦上証反1","4,404,000","29,060,500","6.61","6.68","6.57","6.59","-0.09","404"
"00635U","元大S&P黃金","1,056,506","20,629,507","19.56","19.58","19.49","19.50","-0.06","305"
"00636","國泰中國A50","3,004,730","62,062,274","20.56","20.73","20.43","20.72","+0.32","742"
"00636K","國泰中國A50+U","100","656","6.56","6.56","6.56","6.56","+0.11","1"
"00637L","元大滬深300正2","236,622,547","3,730,003,272","15.67","15.96","15.49","15.90","+0.50","19,444"
"00638R","元大滬深300反1","3,668,000","49,077,470","13.39","13.48","13.34","13.34","-0.19","581"
"00639","富邦深100","1,641,840","15,801,479","9.61","9.67","9.56","9.64","+0.06","208"
"00640L","富邦日本正2","704,000","12,830,640","18.14","18.40","18.13","18.38","+0.60","181"
"00641R","富邦日本反1","457,000","7,061,330","15.50","15.50","15.37","15.38","-0.26","116"
"00642U","元大S&P石油","5,069,805","81,725,799","16.09","16.19","16.07","16.19","+0.75","1,373"
"00643","群益深証中小","743,831","8,192,984","11.00","11.09","10.91","11.09","+0.13","199"
"00643K","群益深証中小+R","0","0","0.00","0.00","0.00","0.00"," 0.00","0"
"00645","富邦日本","91,665","1,830,699","19.92","20.07","19.91","20.04","+0.33","25"
"00646","元大S&P500","310,869","8,518,705","27.35","27.47","27.33","27.42","+0.57","152"
"00647L","元大S&P500正2","92,072","3,210,652","34.83","35.01","34.80","35.01","+1.41","60"
"00648R","元大S&P500反1","2,028,000","25,563,580","12.60","12.64","12.57","12.57","-0.26","285"
"00649","FH香港","106,000","2,234,130","20.80","21.19","20.80","21.13","+0.51","24"
"00650L","FH香港正2","235,000","6,939,630","29.02","29.99","29.01","29.91","+1.41","62"
"00651R","FH香港反1","970,000","8,253,730","8.62","8.62","8.43","8.48","-0.14","172"
"00652","富邦印度","98,255","2,486,487","25.45","25.45","25.19","25.30","-0.25","48"
"00653L","富邦印度正2","94,000","3,016,320","32.03","32.26","31.96","32.21","-0.15","56"
"00654R","富邦印度反1","160,000","2,170,230","13.56","13.63","13.52","13.56","-0.04","27"
"00655L","國泰中國A50正2","14,902,000","439,025,280","29.30","29.80","28.87","29.68","+0.89","3,235"
"00656R","國泰中國A50反1","1,676,000","20,348,940","12.19","12.25","12.07","12.11","-0.15","276"
"00657","國泰日經225","6,000","156,500","26.05","26.14","26.05","26.11","+0.40","6"
"00657K","國泰日經225+U","100","830","8.30","8.30","8.30","8.30","+0.13","1"
"00658L","國泰日本正2","53,000","1,658,270","31.25","31.48","31.21","31.38","+0.92","24"
"00659R","國泰日本反1","37,000","470,090","12.72","12.72","12.68","12.70","-0.17","17"
"00660","元大歐洲50","1,000","24,800","24.80","24.80","24.80","24.80","+0.28","1"
"00661","元大日經225","0","0","0.00","0.00","0.00","0.00"," 0.00","0"
"00662","富邦NASDAQ","208,328","6,607,733","31.62","31.82","31.62","31.82","+0.90","54"
"00663L","國泰臺灣加權正2","121,000","4,117,850","33.80","34.20","33.61","34.20","+1.24","62"
"00664R","國泰臺灣加權反1","4,690,000","64,422,020","13.74","13.81","13.67","13.68","-0.23","364"
"00665L","富邦恒生國企正2","268,000","6,935,680","25.30","26.07","25.29","25.92","+0.96","68"
"00666R","富邦恒生國企反1","195,000","2,737,540","13.82","14.13","13.82","13.90","-0.33","29"
"00668","國泰美國道瓊","128,000","3,699,410","28.94","28.95","28.85","28.94","+0.58","60"
"00668K","國泰美國道瓊+U","100","917","9.17","9.17","9.17","9.17","+0.19","1"
"00669R","國泰美國道瓊反1","3,072,000","39,107,610","12.74","12.75","12.71","12.74","-0.26","447"
"00670L","富邦NASDAQ正2","606,000","20,143,770","33.20","33.34","33.12","33.33","+1.89","303"
"00671R","富邦NASDAQ反1","1,930,000","25,151,160","13.06","13.06","13.01","13.03","-0.40","349"
"00672L","元大S&P原油正2","73,680,602","1,082,894,400","14.65","14.80","14.59","14.80","+1.35","10,392"
"00673R","元大S&P原油反1","7,388,021","119,186,456","16.08","16.21","16.08","16.08","-0.84","876"
"00674R","元大S&P黃金反1","77,000","1,457,950","18.86","19.00","18.86","18.97","+0.05","20"
"00675L","富邦臺灣加權正2","573,000","8,395,580","14.63","14.76","14.52","14.76","+0.44","123"
"00676R","富邦臺灣加權反1","1,497,000","11,103,540","7.43","7.46","7.39","7.40","-0.11","225"
"00677U","富邦VIX","76,978,866","414,434,098","5.39","5.40","5.37","5.38","-0.09","6,313"
"00678","群益NBI生技","315,533","6,827,174","21.53","21.65","21.53","21.63","+0.13","34"
"00680L","元大美債20正2","96,000","2,147,370","22.44","22.45","22.35","22.35","+0.24","13"
"00681R","元大美債20反1","1,000","17,120","17.12","17.12","17.12","17.12","-0.12","1"
"00682U","元大美元指數","21,000","404,070","19.23","19.25","19.23","19.25","-0.10","7"
"00683L","元大美元指數正2","98,000","1,857,610","19.00","19.04","18.93","18.93","-0.23","15"
"00684R","元大美元指數反1","56,000","1,078,640","19.25","19.31","19.22","19.24","+0.07","11"
"00685L","群益臺灣加權正2","22,000","283,510","12.82","13.00","12.78","13.00","+0.40","7"
"00686R","群益臺灣加權反1","165,000","1,336,220","8.13","8.13","8.07","8.08","-0.14","42"
"00688L","國泰20年美債正2","168,000","3,812,420","22.75","22.75","22.63","22.63","+0.24","14"
"00689R","國泰20年美債反1","103,000","1,805,560","17.52","17.53","17.51","17.53","-0.06","5"
"00690","兆豐藍籌30","259,000","5,490,290","21.00","21.23","21.00","21.22","+0.28","46"
"00691R","兆豐藍籌30反1","1,000","16,250","16.25","16.25","16.25","16.25","X0.00","1"
"00692","富邦公司治理","495,905","10,326,886","20.70","20.90","20.70","20.90","+0.29","188"
"00693U","華頓S&P黃豆","2,412,000","36,380,490","15.10","15.12","15.05","15.08","-0.23","436"
"00700","富邦恒生國企","111,000","2,241,570","20.29","20.29","19.92","20.20","+0.39","11"
"00701","國泰臺灣低波動30","130,381","2,894,263","22.18","22.25","22.16","22.22","+0.21","70"
"00702","國泰標普低波高息","10,000","213,360","21.25","21.37","21.25","21.36","+0.24","6"
"00703","台新MSCI中國","323,000","6,216,880","19.10","19.34","19.06","19.34","+0.33","81"
"00706L","元大S&P日圓正2","46,000","838,940","18.25","18.27","18.19","18.19","-0.11","12"
"00707R","元大S&P日圓反1","0","0","0.00","0.00","0.00","0.00"," 0.00","0"
"00708L","元大S&P黃金正2","3,113,100","56,565,590","18.27","18.29","18.10","18.11","-0.11","527"
"00709","富邦歐洲","106,000","2,192,890","20.71","20.71","20.61","20.69","+0.22","7"
"00710B","FH彭博高收益債","943,000","19,771,480","20.95","20.98","20.92","20.98","+0.03","133"
"00711B","FH彭博新興債","165,000","3,550,420","21.48","21.54","21.48","21.54","+0.10","24"
"00712","FH富時不動產","227,000","4,170,120","18.35","18.40","18.35","18.40","+0.11","97"
"00713","元大台灣高息低波","18,000","547,640","30.44","30.45","30.36","30.45","+0.30","12"
"00714","群益道瓊美國地產","119,005","2,667,191","22.34","22.43","22.34","22.43","+0.49","13"
"00715L","華頓S&P布蘭特正2","121,000","2,490,090","20.43","20.86","20.43","20.86","+1.83","52"
"00716R","華頓S&P布蘭特反1","4,000","64,170","16.06","16.06","16.00","16.00","-0.70","3"
"00717","富邦美國特別股","226,200","4,518,190","19.98","19.98","19.96","19.98","+0.01","96"
"00728","第一金工業30","766,000","13,815,320","18.15","18.15","17.95","18.06","+0.13","51"
"00729R","第一金工業30反1","0","0","0.00","0.00","0.00","0.00"," 0.00","0"
"00730","富邦臺灣優質高息","218,216","3,970,734","18.18","18.22","18.15","18.22","+0.16","52"
"00731","FH富時高息低波","96,000","4,722,480","49.02","49.40","49.02","49.32","+0.30","32"
"00732","國泰RMB短期報酬","100,000","3,989,000","39.89","39.89","39.89","39.89","-0.07","4"
"00733","富邦臺灣中小","242,000","3,966,950","16.21","16.50","16.21","16.50","+0.36","12"
"00735","國泰臺韓科技","117,000","2,002,860","17.08","17.16","17.00","17.16","+0.30","8"
"00736","國泰新興市場","353,000","6,929,040","19.41","19.66","19.41","19.66","+0.32","9"
"00737","國泰AI+Robo","946,623","20,849,291","22.02","22.08","21.93","22.08","+0.42","254"
"00738U","元大道瓊白銀","500,000","8,627,750","17.37","17.37","17.18","17.25"," 0.00","100"
"00739","元大MSCI A股","735,718","14,637,034","19.89","20.01","19.80","19.99","+0.22","183"
"00742","新光內需收益","4,000","84,490","21.09","21.15","21.09","21.15","+0.24","4"
"00743","國泰中國A150","261,026","5,169,912","20.01","20.02","19.72","19.89","+0.11","75"
"00752","中信中國50","576,000","12,587,790","21.63","22.02","21.62","22.01","+0.44","79"
"00753L","中信中國50正2","1,155,000","25,557,880","21.80","22.54","21.73","22.38","+0.89","417"
"00757","統一FANG+","1,186,000","22,670,860","18.61","19.18","18.61","19.12","+0.54","62"
"00762","元大全球AI","266,000","5,762,900","21.60","21.69","21.53","21.69","+0.47","102"
"00763U","國票道瓊銅","0","0","0.00","0.00","0.00","0.00"," 0.00","0"
"00766L","台新MSCI中國正2","681,000","6,424,670","9.25","9.55","9.25","9.50","+0.34","171"
"00767","FH美國金融股","100,000","2,184,000","21.84","21.84","21.84","21.84","+0.18","2"
"00770","國泰北美科技","112,000","2,578,920","22.99","23.05","22.97","23.05","+0.65","8"
"00771","元大US高息特別股","487,000","9,957,880","20.40","20.49","20.40","20.49","+0.12","48"
"00774B","新光中國政金綠債","24,002,000","972,080,840","40.42","40.42","40.42","40.42","-0.06","4"
"00775B","新光投等債15+","1,000","42,920","42.92","42.92","42.92","42.92","+0.22","1"
"00776","新光ICE美國權值","3,000","64,010","21.31","21.35","21.31","21.35","+0.46","2"
"00783","富邦中証500","1,694,000","29,128,480","17.24","17.31","17.15","17.21","-0.01","161"
"008201","BP上證50","300","30,130","100.10","100.95","100.10","100.95","+0.95","3"
"00830","國泰費城半導體","1,715,350","23,302,542","13.45","13.66","13.45","13.66","+0.45","285"
"01001T","土銀富邦R1","1,000","15,000","15.00","15.00","15.00","15.00","+0.01","1"
"01002T","土銀國泰R1","93,000","1,400,230","15.01","15.06","15.01","15.06","+0.05","26"
"01003T","兆豐新光R1","0","0","0.00","0.00","0.00","0.00"," 0.00","0"
"01004T","土銀富邦R2","1,000","13,180","13.18","13.18","13.18","13.18"," 0.00","1"
"01007T","兆豐國泰R2","0","0","0.00","0.00","0.00","0.00"," 0.00","0"
"01009T","王道圓滿R1","28,000","254,600","9.06","9.12","9.06","9.12","X0.00","12"
"01010T","京城樂富R1","41,000","410,000","10.00","10.00","10.00","10.00"," 0.00","3"
"020000","富邦特選蘋果N","299,000","1,264,530","4.22","4.25","4.20","4.25","+0.07","37"
"020002","元富新中國N","50,000","662,050","13.07","13.35","13.07","13.33","+0.26","42"
"020004","兆豐電菁英30N","0","0","0.00","0.00","0.00","0.00"," 0.00","0"
"020005","永豐外資50N","0","0","0.00","0.00","0.00","0.00"," 0.00","0"
"020006","永昌中小300N","0","0","0.00","0.00","0.00","0.00"," 0.00","0"
"020007","凱基臺灣500N","2,000","38,210","19.10","19.11","19.10","19.11","X0.00","2"
"020008","元大特股高息N","92,000","917,130","9.95","9.98","9.95","9.98","+0.04","34"
"1101","台泥","23,947,432","1,047,570,394","43.50","43.95","43.30","43.85","+0.70","8,591"
"1101B","台泥乙特","2,007","105,064","52.50","52.50","52.50","52.50"," 0.00","6"
"1102","亞泥","6,276,958","287,568,913","45.85","46.00","45.60","45.90","+0.05","3,800"
"1103","嘉泥","497,097","8,363,569","16.80","16.90","16.75","16.80"," 0.00","189"
"1104","環泥","157,486","3,062,096","19.45","19.60","19.35","19.60","+0.15","81"
"1108","幸福","27,497","189,461","6.90","6.90","6.88","6.88","-0.01","25"
"1109","信大","2,961,476","56,336,631","18.45","19.30","18.20","19.30","+0.90","1,129"
"1110","東泥","16,004","258,964","16.15","16.20","16.15","16.20"," 0.00","7"
"1201","味全","6,981,471","209,819,292","29.40","30.30","29.40","30.30","+1.00","2,522"
"1203","味王","54,235","1,419,506","26.15","26.25","26.15","26.20","-0.10","27"
"1210","大成","2,733,209","107,640,462","39.10","39.60","39.00","39.55","+0.50","1,527"
"1215","卜蜂","2,424,281","157,029,964","65.00","65.30","64.00","65.00","+1.30","1,259"
"1216","統一","7,642,122","624,348,517","81.70","82.00","80.80","82.00","+0.80","3,340"
"1217","愛之味","537,935","3,839,345","7.11","7.18","7.11","7.12","+0.01","210"
"1218","泰山","3,967,751","87,048,950","21.50","22.15","21.50","22.05","+0.85","1,520"
"1219","福壽","15,343","276,384","18.05","18.05","18.00","18.00","-0.10","19"
"1220","台榮","44,300","491,159","11.20","11.20","11.05","11.10","-0.10","29"
"1225","福懋油","12,261","882,484","71.80","72.00","71.80","72.00","X0.00","12"
"1227","佳格","1,606,111","93,577,449","57.50","58.80","57.50","58.80","+1.40","1,128"
"1229","聯華","845,677","30,428,020","35.95","36.15","35.85","36.05","+0.15","614"
"1231","聯華食","103,231","4,590,464","44.10","44.65","44.10","44.60","+0.55","114"
"1232","大統益","59,582","6,826,299","113.50","115.00","113.50","115.00","+1.00","56"
"1233","天仁","49,371","1,912,255","38.60","38.85","38.60","38.75","+0.15","42"
"1234","黑松","43,672","1,427,637","32.80","32.80","32.50","32.55","-0.10","35"
"1235","興泰","21,157","592,511","28.45","28.45","27.85","28.05","-0.15","17"
"1236","宏亞","27,054","361,782","13.35","13.40","13.30","13.35","+0.10","20"
"1256","鮮活果汁-KY","83,098","15,168,032","182.50","184.00","181.00","182.50"," 0.00","72"
"1262","綠悅-KY","474,356","12,501,186","26.80","26.80","25.70","26.55","-0.50","308"
"1301","台塑","5,372,394","592,608,011","109.50","111.00","109.50","111.00","+1.00","2,185"
"1303","南亞","11,520,699","895,861,842","78.10","78.20","77.50","77.70","-0.80","3,206"
"1304","台聚","938,823","10,996,263","11.80","11.80","11.65","11.70","-0.10","385"
"1305","華夏","1,799,942","39,659,624","22.15","22.15","21.90","22.05","+0.20","860"
"1307","三芳","39,040","952,680","24.60","24.60","24.35","24.40","-0.10","32"
"1308","亞聚","346,383","4,748,741","13.80","13.80","13.65","13.75","+0.05","175"
"1309","台達化","925,840","9,500,967","10.35","10.35","10.20","10.25","-0.10","358"
"1310","台苯","897,039","21,598,883","24.25","24.25","24.00","24.10","-0.05","413"
"1312","國喬","3,488,308","69,898,938","20.15","20.15","19.95","20.10","+0.05","1,405"
"1312A","國喬特","25,000","842,400","33.70","33.70","33.60","33.60","-0.10","9"
"1313","聯成","1,224,336","13,593,046","11.15","11.20","11.05","11.05","-0.10","438"
"1314","中石化","4,651,883","52,286,063","11.30","11.30","11.20","11.25","+0.05","1,140"
"1315","達新","11,500","363,949","31.70","31.70","31.65","31.65","+0.10","8"
"1316","上曜","154,029","2,321,687","15.05","15.15","15.00","15.05"," 0.00","98"
"1319","東陽","1,335,564","55,531,074","42.15","42.40","41.15","41.35","-0.75","902"
"1321","大洋","237,000","6,659,050","28.20","28.20","28.05","28.05","-0.25","86"
"1323","永裕","95,261","3,228,674","34.05","34.05","33.80","34.00","+0.25","56"
"1324","地球","8,002","88,222","11.00","11.10","11.00","11.10","X0.00","9"
"1325","恆大","144,500","2,318,550","16.00","16.05","16.00","16.05"," 0.00","66"
"1326","台化","4,133,699","444,708,635","107.50","108.00","107.00","107.50"," 0.00","1,591"
"1337","再生-KY","222,497","1,492,563","6.77","6.77","6.68","6.70"," 0.00","95"
"1338","廣華-KY","105,009","6,668,778","63.70","64.20","63.00","63.50"," 0.00","90"
"1339","昭輝","19,060","684,008","35.70","36.05","35.70","35.80","+0.10","20"
"1340","勝悅-KY","151,426","2,752,900","18.20","18.25","18.10","18.20","+0.05","138"
"1341","富林-KY","6,004","322,932","53.50","54.10","53.50","54.10","+0.20","9"
"1402","遠東新","4,582,134","150,864,122","33.00","33.05","32.80","32.80","+0.05","1,783"
"1409","新纖","1,893,440","25,061,372","13.35","13.35","13.15","13.30","+0.05","481"
"1410","南染","81,081","2,226,051","27.40","27.70","27.35","27.40"," 0.00","56"
"1413","宏洲","156,373","1,919,461","12.30","12.40","12.15","12.20","-0.05","44"
"1414","東和","137,078","939,552","6.97","6.97","6.84","6.85","-0.04","40"
"1416","廣豐","83,504","1,287,282","15.50","15.55","15.30","15.45"," 0.00","65"
"1417","嘉裕","670,412","4,085,828","6.11","6.13","6.07","6.09","-0.01","184"
"1418","東華","1,037","8,170","7.88","7.88","7.88","7.88"," 0.00","4"
"1419","新紡","2,033","85,426","42.05","42.05","42.00","42.00","X0.00","3"
"1423","利華","138,900","1,437,417","10.30","10.35","10.30","10.35"," 0.00","22"
"1432","大魯閣","42,000","302,870","7.25","7.31","7.16","7.25","+0.03","24"
"1434","福懋","1,475,609","57,138,445","38.70","38.80","38.60","38.80","+0.15","1,210"
"1435","中福","9,094","48,877","5.44","5.44","5.31","5.38","+0.05","11"
"1436","華友聯","12,588","508,646","40.40","40.45","40.40","40.40","+0.05","9"
"1437","勤益控","121,179","2,506,445","20.80","20.85","20.60","20.60","-0.05","92"
"1438","裕豐","49,000","475,490","9.85","9.85","9.65","9.79","-0.01","10"
"1439","中和","148,268","4,640,328","31.10","31.60","30.80","31.45","+0.65","111"
"1440","南紡","783,079","9,512,353","12.20","12.20","12.10","12.10","-0.05","225"
"1441","大東","100,753","1,506,742","15.00","15.00","14.90","14.90"," 0.00","71"
"1442","名軒","116,988","1,950,252","16.80","16.80","16.60","16.60","-0.10","67"
"1443","立益","45,000","356,990","8.03","8.03","7.90","7.92","-0.08","12"
"1444","力麗","641,907","6,416,371","9.99","10.05","9.98","9.98","-0.01","238"
"1445","大宇","29,400","224,753","7.68","7.68","7.63","7.66","-0.02","16"
"1446","宏和","224,000","6,614,050","29.05","29.85","29.05","29.85","+0.70","114"
"1447","力鵬","591,262","4,424,533","7.50","7.50","7.46","7.47","-0.04","205"
"1449","佳和","14,008","62,764","4.47","4.49","4.47","4.48"," 0.00","7"
"1451","年興","100,237","2,792,848","27.85","27.90","27.85","27.90","+0.15","48"
"1452","宏益","160,182","3,321,315","20.75","20.80","20.70","20.70","-0.05","98"
"1453","大將","2,351","21,538","9.10","9.20","9.10","9.20","+0.05","6"
"1454","台富","22,261","175,593","7.94","7.94","7.81","7.92","-0.02","16"
"1455","集盛","361,000","3,197,130","8.80","8.90","8.80","8.90","+0.04","153"
"1456","怡華","7,669","68,874","8.88","9.11","8.88","9.11","-0.01","6"
"1457","宜進","721,371","10,663,370","14.75","14.85","14.70","14.80","+0.05","257"
"1459","聯發","99,594","745,788","7.50","7.51","7.45","7.48","-0.02","29"
"1460","宏遠","253,586","2,910,705","11.45","11.55","11.45","11.45","+0.05","133"
"1463","強盛","60,100","943,478","15.75","15.75","15.65","15.65"," 0.00","42"
"1464","得力","4,582,328","122,496,531","26.85","27.40","26.00","26.20","-0.20","2,337"
"1465","偉全","113,200","1,690,630","15.00","15.00","14.90","14.95","-0.05","43"
"1466","聚隆","17,001","154,589","9.09","9.11","9.00","9.00","-0.09","10"
"1467","南緯","123,000","1,134,450","9.24","9.24","9.16","9.22","-0.02","44"
"1468","昶和","34,000","343,040","10.25","10.25","9.96","9.96","-0.29","22"
"1470","大統新創","0","0","0.00","0.00","0.00","0.00"," 0.00","0"
"1471","首利","118,184","535,327","4.68","4.68","4.48","4.50","-0.01","38"
"1472","三洋紡","83,169","2,842,079","34.00","34.50","34.00","34.45","+0.55","35"
"1473","台南","1,158,777","34,107,428","28.20","29.95","28.20","29.95","+1.80","586"
"1474","弘裕","56,001","560,969","10.00","10.05","9.99","10.00","+0.01","28"
"1475","本盟","0","0","0.00","0.00","0.00","0.00"," 0.00","0"
"1476","儒鴻","2,885,988","1,151,236,224","412.50","415.50","395.00","395.00","-17.00","2,102"
"1477","聚陽","1,471,221","300,715,191","207.00","207.00","203.00","204.50","-1.50","1,056"
"1503","士電","165,524","7,630,004","46.05","46.45","45.75","46.30","+0.35","109"
"1504","東元","3,998,245","90,090,742","22.55","22.75","22.40","22.55","+0.10","1,268"
"1506","正道","172,005","3,140,190","18.35","18.35","18.00","18.00","-0.35","28"
"1507","永大","24,242","1,649,202","68.20","68.20","67.80","68.00","+0.20","28"
"1512","瑞利","20,192","110,155","5.40","5.50","5.40","5.50","+0.10","7"
"1513","中興電","732,879","15,425,659","20.95","21.20","20.90","21.15","+0.20","227"
"1514","亞力","811,401","13,784,326","17.10","17.15","16.90","17.00"," 0.00","354"
"1515","力山","4,231,478","349,924,011","80.20","83.40","80.20","83.40","+2.70","2,806"
"1516","川飛","22,314","340,238","15.25","15.35","15.05","15.35","+0.10","9"
"1517","利奇","70,026","675,310","9.68","9.69","9.62","9.65","-0.03","28"
"1519","華城","4,511,005","123,386,880","27.85","28.05","26.65","27.35","+0.35","2,215"
"1521","大億","16,320","1,015,432","62.00","62.60","62.00","62.60","+0.70","16"
"1522","堤維西","524,378","14,288,711","27.50","27.50","27.15","27.15","+0.05","233"
"1524","耿鼎","67,001","702,610","10.55","10.55","10.45","10.50","+0.05","36"
"1525","江申","53,500","2,969,000","55.30","56.00","55.30","55.60","+0.40","48"
"1526","日馳","696,447","20,824,165","29.85","30.30","29.55","29.60","+0.05","528"
"1527","鑽全","407,110","22,939,891","56.10","56.70","55.80","56.40","+0.80","278"
"1528","恩德","110,903","1,033,894","9.28","9.40","9.26","9.30","+0.03","38"
"1529","樂士","4,875","75,474","15.50","15.50","15.50","15.50"," 0.00","8"
"1530","亞崴","7,000","210,950","30.10","30.45","30.00","30.45","+0.35","7"
"1531","高林股","110,500","1,780,325","16.05","16.20","16.05","16.10","+0.05","47"
"1532","勤美","211,108","7,383,408","34.70","35.25","34.70","35.00","+0.30","134"
"1533","車王電","36,150","1,227,820","34.10","34.10","33.85","33.90","-0.05","24"
"1535","中宇","40,005","1,296,962","32.75","32.75","32.30","32.30","-0.20","31"
"1536","和大","1,119,867","101,395,960","92.00","92.10","89.80","90.20","-1.50","825"
"1537","廣隆","104,001","17,021,668","164.00","164.50","163.00","163.50"," 0.00","62"
"1538","正峰新","29,795","133,398","4.55","4.55","4.40","4.40","-0.15","22"
"1539","巨庭","12,000","285,450","23.85","23.90","23.70","23.75","+0.05","11"
"1540","喬福","764,301","17,435,762","22.50","23.35","22.50","22.95","+0.55","448"
"1541","錩泰","17,010","482,430","28.50","28.50","28.15","28.15","-0.20","14"
"1558","伸興","239,239","34,380,770","143.00","146.00","143.00","145.50"," 0.00","223"
"1560","中砂","63,414","3,759,090","59.50","59.50","59.10","59.30","+0.30","54"
"1568","倉佑","77,000","1,531,750","19.80","20.00","19.70","19.90","+0.10","47"
"1582","信錦","261,612","21,005,763","80.00","80.70","80.00","80.50","+0.50","222"
"1583","程泰","1,000","57,500","57.50","57.50","57.50","57.50","+0.20","1"
"1587","吉茂","90,625","1,685,081","18.65","18.70","18.55","18.60"," 0.00","47"
"1589","永冠-KY","1,110,100","66,299,139","59.60","60.50","58.90","60.20","+1.70","742"
"1590","亞德客-KY","1,676,671","530,009,870","312.00","320.00","312.00","318.00","+12.00","957"
"1592","英瑞-KY","286,000","6,377,250","22.15","22.55","22.10","22.10","-0.20","195"
"1598","岱宇","465,000","19,471,700","41.40","42.05","41.40","42.00","+0.75","302"
"1604","聲寶","1,229,278","21,198,760","17.25","17.35","17.20","17.25","+0.05","310"
"1605","華新","9,600,917","154,751,203","16.15","16.25","16.00","16.05","-0.10","2,008"
"1608","華榮","489,324","4,954,121","10.20","10.20","10.10","10.20","+0.15","178"
"1609","大亞","2,300,042","25,988,966","11.40","11.45","11.20","11.30","-0.05","679"
"1611","中電","188,011","1,768,323","9.35","9.47","9.35","9.41","-0.01","66"
"1612","宏泰","71,011","714,110","10.10","10.10","10.05","10.05"," 0.00","38"
"1614","三洋電","288,417","8,380,532","28.90","29.30","28.90","29.25","-0.05","153"
"1615","大山","26,000","447,250","17.30","17.30","17.15","17.30"," 0.00","17"
"1616","億泰","62,500","283,619","4.58","4.58","4.52","4.56"," 0.00","20"
"1617","榮星","122,010","1,631,132","13.70","13.75","13.25","13.30","-0.40","60"
"1618","合機","185,440","1,567,055","8.45","8.47","8.40","8.44","+0.01","37"
"1626","艾美特-KY","53,100","1,308,210","25.05","25.05","24.55","24.60","-0.20","35"
"1701","中化","439,922","8,281,636","18.80","18.90","18.75","18.80"," 0.00","192"
"1702","南僑","233,382","12,495,732","53.40","53.90","53.40","53.50","+0.10","181"
"1707","葡萄王","141,672","29,853,280","211.50","212.00","209.50","210.50","+1.50","149"
"1708","東鹼","491,545","12,868,120","26.20","26.30","26.05","26.15","+0.35","191"
"1709","和益","404,459","5,462,243","13.60","13.60","13.45","13.50","-0.15","170"
"1710","東聯","495,287","12,192,415","24.65","24.70","24.55","24.70","+0.05","263"
"1711","永光","282,576","4,788,359","17.00","17.00","16.90","17.00","+0.05","116"
"1712","興農","1,875,958","39,068,108","20.90","20.95","20.70","20.90","+0.05","731"
"1713","國化","20,905","396,556","19.00","19.00","18.95","19.00","-0.05","10"
"1714","和桐","2,787,898","20,562,995","7.47","7.51","7.30","7.35","-0.01","888"
"1717","長興","358,098","9,563,261","26.80","26.90","26.60","26.75","-0.05","243"
"1718","中纖","2,377,566","21,709,020","9.17","9.19","9.10","9.10","-0.06","739"
"1720","生達","57,226","1,880,439","32.90","32.95","32.75","32.80"," 0.00","31"
"1721","三晃","72,686","665,650","9.17","9.19","9.05","9.19","+0.05","23"
"1722","台肥","3,777,483","182,584,968","48.10","48.50","48.10","48.30","+0.05","1,870"
"1723","中碳","132,221","17,418,172","131.00","132.00","131.00","131.50","+0.50","136"
"1724","台硝","86,090","1,137,664","13.25","13.30","13.20","13.20"," 0.00","13"
"1725","元禎","14,333","211,627","14.75","14.80","14.75","14.75","-0.05","10"
"1726","永記","1,001","73,673","73.60","73.60","73.60","73.60"," 0.00","2"
"1727","中華化","36,213","472,619","13.00","13.15","13.00","13.05","+0.05","19"
"1730","花仙子","598,275","53,446,317","89.40","90.30","88.30","90.30","+1.80","527"
"1731","美吾華","166,311","2,232,364","13.50","13.50","13.35","13.40","-0.05","74"
"1732","毛寶","39,000","407,400","10.50","10.50","10.40","10.50"," 0.00","25"
"1733","五鼎","773,068","25,595,519","33.70","33.70","32.55","32.70","-1.10","551"
"1734","杏輝","100,301","1,933,475","19.40","19.45","19.20","19.25","-0.15","75"
"1735","日勝化","1,000","16,050","16.05","16.05","16.05","16.05","+0.15","1"
"1736","喬山","12,150,212","871,760,686","69.40","74.50","68.10","73.80","+3.90","8,135"
"1737","臺鹽","517,729","17,509,593","33.90","34.00","33.70","33.80","-0.10","354"
"1760","寶齡富錦","971,918","86,405,090","89.40","90.30","87.60","90.30","+1.20","812"
"1762","中化生","200,013","5,143,060","26.00","26.00","25.55","25.65","-0.30","140"
"1773","勝一","216,520","18,644,414","86.70","86.70","85.60","85.80","-1.00","159"
"1776","展宇","11,100","183,540","16.55","16.55","16.40","16.40","-0.15","10"
"1783","和康生","55,001","1,305,223","23.80","23.90","23.55","23.80","+0.25","39"
"1786","科妍","165,031","10,265,258","62.60","63.00","61.80","62.50","+0.60","145"
"1789","神隆","310,474","7,581,183","24.65","24.65","24.25","24.35","-0.30","181"
"1802","台玻","888,059","10,686,661","12.10","12.10","12.00","12.05"," 0.00","279"
"1805","寶徠","13,437","129,333","9.70","9.70","9.50","9.69","-0.01","12"
"1806","冠軍","159,661","1,110,567","6.95","7.05","6.91","7.05","+0.09","55"
"1808","潤隆","484,000","30,639,500","63.40","63.80","63.00","63.30","+0.60","377"
"1809","中釉","11,276,292","167,456,925","14.70","15.10","14.55","14.95","+0.15","4,166"
"1810","和成","91,214","723,308","7.95","7.95","7.91","7.93","-0.01","29"
"1817","凱撒衛","79,111","3,010,562","38.10","38.65","37.90","38.05"," 0.00","48"
"1902","台紙","663,874","11,887,511","18.10","18.10","17.80","18.00"," 0.00","238"
"1903","士紙","55,551","1,703,061","30.80","30.85","30.60","30.85","-0.35","41"
"1904","正隆","1,536,226","29,987,627","19.45","19.60","19.40","19.55","+0.15","737"
"1905","華紙","304,369","2,914,565","9.60","9.61","9.56","9.57","-0.03","145"
"1906","寶隆","76,021","1,014,582","13.40","13.45","13.30","13.45","+0.15","58"
"1907","永豐餘","206,008","2,408,483","11.65","11.75","11.65","11.70","+0.10","145"
"1909","榮成","2,042,061","28,678,802","14.10","14.20","13.95","14.05"," 0.00","896"
"2002","中鋼","9,172,717","224,183,274","24.40","24.50","24.30","24.50","+0.15","3,391"
"2002A","中鋼特","19,000","886,700","46.85","46.85","46.65","46.65","-0.10","5"
"2006","東和鋼鐵","319,100","7,116,329","22.30","22.35","22.25","22.35","+0.10","155"
"2007","燁興","110,425","525,679","4.78","4.81","4.74","4.81","-0.01","47"
"2008","高興昌","3,000","37,050","12.35","12.35","12.35","12.35"," 0.00","2"
"2009","第一銅","216,770","2,170,500","10.05","10.05","10.00","10.05"," 0.00","79"
"2010","春源","158,000","1,658,400","10.50","10.55","10.45","10.50","+0.05","35"
"2012","春雨","25,087","580,759","23.30","23.30","23.10","23.15","+0.05","15"
"2013","中鋼構","196,593","5,045,759","25.80","25.80","25.60","25.75"," 0.00","144"
"2014","中鴻","1,621,364","17,038,896","10.50","10.55","10.45","10.50"," 0.00","507"
"2015","豐興","248,693","15,819,241","64.00","64.30","63.10","63.50","-0.50","128"
"2017","官田鋼","233,801","1,875,090","8.03","8.06","8.00","8.00","-0.02","98"
"2020","美亞","515,533","8,516,447","16.70","16.70","16.35","16.35","-0.25","246"
"2022","聚亨","532,545","3,632,449","6.85","6.86","6.77","6.82","+0.01","122"
"2023","燁輝","901,127","8,227,825","9.15","9.19","9.10","9.16","-0.01","326"
"2024","志聯","104,323","1,124,204","10.85","10.85","10.70","10.80","-0.05","33"
"2025","千興","283,150","468,188","1.59","1.69","1.59","1.69","-0.06","35"
"2027","大成鋼","1,520,921","67,079,024","44.20","44.25","43.95","44.15","+0.20","849"
"2028","威致","137,449","1,283,854","9.34","9.37","9.32","9.32","-0.02","42"
"2029","盛餘","87,022","1,611,713","18.45","18.65","18.40","18.60","+0.05","37"
"2030","彰源","438,203","5,570,754","12.80","12.85","12.65","12.75"," 0.00","154"
"2031","新光鋼","741,120","22,958,475","31.50","31.50","30.75","31.00","-0.15","442"
"2032","新鋼","62,302","540,497","8.85","8.85","8.65","8.71","-0.06","33"
"2033","佳大","96,000","967,730","10.05","10.20","9.98","9.98","-0.07","46"
"2034","允強","407,579","10,818,139","26.50","26.65","26.50","26.60","+0.05","140"
"2038","海光","149,000","1,127,790","7.65","7.66","7.54","7.55","-0.04","52"
"2049","上銀","1,818,449","430,558,260","237.00","239.00","233.50","239.00","+7.00","1,448"
"2059","川湖","399,306","115,313,392","295.00","299.50","284.50","287.00","-6.00","356"
"2062","橋椿","412,450","14,500,085","35.35","35.35","35.10","35.20","+0.05","86"
"2069","運錩","96,233","2,269,045","23.60","23.65","23.55","23.55"," 0.00","50"
"2101","南港","941,887","32,811,861","34.35","35.10","34.35","35.00","+0.75","425"
"2102","泰豐","2,540,984","31,653,597","12.50","12.65","12.25","12.35","-0.05","856"
"2103","台橡","430,536","11,813,397","27.60","27.65","27.30","27.60","+0.05","306"
"2104","國際中橡","4,248,229","149,551,913","35.45","35.50","35.00","35.25","+0.20","2,144"
"2105","正新","3,764,866","151,638,824","40.15","40.40","40.10","40.40","+0.25","1,709"
"2106","建大","169,151","4,875,600","28.85","28.90","28.75","28.85"," 0.00","130"
"2107","厚生","2,908,906","52,709,867","17.85","18.40","17.85","18.40","+0.60","1,011"
"2108","南帝","1,843,805","66,055,433","36.30","36.50","35.40","35.65","-1.25","1,141"
"2109","華豐","13,587","151,773","11.25","11.25","11.10","11.25","+0.05","14"
"2114","鑫永銓","114,060","9,664,400","85.20","85.20","84.30","85.00","-0.10","42"
"2115","六暉-KY","11,171","442,121","39.35","39.60","39.35","39.60","+0.25","11"
"2201","裕隆","10,357,942","234,321,490","22.90","22.90","22.45","22.50","-0.05","3,315"
"2204","中華","399,242","10,941,273","27.35","27.50","27.35","27.40","+0.10","218"
"2206","三陽工業","837,142","17,898,673","21.45","21.50","21.30","21.35","-0.05","375"
"2207","和泰車","464,734","240,202,010","514.00","520.00","509.00","518.00","+8.00","376"
"2208","台船","2,034,654","53,273,913","26.50","26.70","26.00","26.20","-0.20","1,083"
"2227","裕日車","81,291","22,538,316","278.00","278.00","276.00","276.50","+0.50","81"
"2228","劍麟","82,500","7,065,249","86.00","86.20","85.30","85.70","+0.30","62"
"2231","為升","1,192,451","331,914,682","272.00","283.50","270.00","280.00","+14.00","1,024"
"2236","百達-KY","7,023","182,365","26.20","26.35","25.75","25.75"," 0.00","6"
"2239","英利-KY","59,067","6,343,303","107.00","108.50","106.50","106.50","-1.00","60"
"2243","宏旭-KY","48,001","699,114","14.90","14.90","14.40","14.80","+0.15","24"
"2301","光寶科","4,352,165","199,321,543","45.20","46.20","45.20","46.00","+0.55","2,224"
"2302","麗正","229,357","1,739,993","7.70","7.70","7.51","7.59","-0.15","103"
"2303","聯電","28,170,170","372,734,948","13.20","13.30","13.05","13.30","+0.25","4,557"
"2305","全友","468,003","2,822,426","6.05","6.05","6.00","6.01"," 0.00","95"
"2308","台達電","4,362,357","659,655,067","152.00","152.00","150.00","151.50","+3.50","2,542"
"2312","金寶","1,497,919","15,254,771","10.15","10.25","10.10","10.20","+0.05","722"
"2313","華通","12,102,578","292,017,791","23.70","24.35","23.70","24.35","+0.95","4,260"
"2314","台揚","1,334,155","32,366,182","24.25","24.60","24.05","24.25"," 0.00","781"
"2316","楠梓電","1,807,454","39,498,911","21.70","22.10","21.55","21.95","+0.45","838"
"2317","鴻海","35,654,410","2,562,142,098","72.00","72.30","71.20","72.10","+1.00","13,300"
"2321","東訊","303,882","647,376","2.14","2.14","2.13","2.13","+0.04","58"
"2323","中環","14,840,905","102,206,193","6.94","6.95","6.82","6.87","+0.01","2,810"
"2324","仁寶","15,604,719","309,404,619","19.85","19.95","19.70","19.85","+0.25","3,638"
"2327","國巨","5,584,311","1,395,538,195","250.00","251.50","247.50","251.00","+6.00","3,737"
"2328","廣宇","1,777,326","41,414,153","23.00","23.50","22.90","23.45","+0.75","924"
"2329","華泰","2,376,793","34,782,033","14.50","14.80","14.40","14.80","+0.45","872"
"2330","台積電","35,521,888","8,442,986,620","237.50","240.00","234.50","240.00","+8.00","15,588"
"2331","精英","210,482","2,544,134","12.10","12.20","12.05","12.05"," 0.00","103"
"2332","友訊","1,653,787","19,463,589","11.75","11.85","11.70","11.75","+0.15","651"
"2337","旺宏","22,197,587","485,658,187","22.00","22.10","21.65","21.90","+0.15","7,314"
"2338","光罩","640,001","14,194,072","22.30","22.40","22.05","22.15","+0.05","307"
"2340","光磊","2,210,859","46,004,591","20.55","21.00","20.45","21.00","+0.60","1,067"
"2342","茂矽","180,366","3,301,146","18.45","18.50","18.20","18.35","-0.10","143"
"2344","華邦電","9,187,171","130,025,049","14.15","14.25","14.05","14.20","+0.25","2,551"
"2345","智邦","6,478,098","789,153,093","122.00","124.00","119.50","123.50","+6.00","3,940"
"2347","聯強","2,098,728","79,967,464","38.00","38.30","37.80","38.10","+0.40","879"
"2348","海悅","158,060","6,333,008","40.20","40.40","39.90","40.00","-0.15","127"
"2349","錸德","4,891,192","42,410,101","8.55","8.89","8.47","8.87","+0.42","1,714"
"2351","順德","291,010","18,383,539","62.80","64.20","62.20","63.90","+1.20","212"
"2352","佳世達","4,069,533","79,858,809","19.65","19.70","19.50","19.65","+0.15","1,198"
"2353","宏碁","6,397,793","123,100,753","19.00","19.40","19.00","19.30","+0.45","2,421"
"2354","鴻準","1,351,259","83,159,066","61.10","61.90","61.10","61.70","+0.60","1,027"
"2355","敬鵬","228,905","7,306,860","31.80","32.00","31.75","32.00","+0.35","179"
"2356","英業達","9,210,722","217,750,736","23.50","23.80","23.45","23.80","+0.85","3,677"
"2357","華碩","812,759","177,166,962","217.50","219.50","216.50","218.50","+2.00","695"
"2358","廷鑫","32,502","507,380","15.70","15.70","15.55","15.65","-0.05","20"
"2359","所羅門","536,415","11,533,955","21.55","21.70","21.35","21.45","-0.05","307"
"2360","致茂","792,350","108,330,450","134.00","138.00","134.00","137.00","+4.00","585"
"2362","藍天","119,518","3,316,746","27.75","27.85","27.70","27.70","+0.05","85"
"2363","矽統","899,489","7,118,876","7.99","8.01","7.88","7.88","-0.07","469"
"2364","倫飛","20,011","51,165","2.54","2.60","2.54","2.59","-0.08","12"
"2365","昆盈","188,746","1,569,718","8.40","8.40","8.28","8.33","+0.01","77"
"2367","燿華","12,275,004","235,683,667","19.05","19.35","18.95","19.30","+0.65","4,064"
"2368","金像電","3,573,646","38,784,221","10.80","11.00","10.75","10.85","+0.10","976"
"2369","菱生","359,331","3,022,405","8.42","8.46","8.35","8.35","-0.03","223"
"2371","大同","24,173,298","530,137,362","22.05","22.65","21.20","21.55","-0.55","10,275"
"2373","震旦行","23,020","2,225,620","96.20","97.00","96.20","96.50","+0.30","24"
"2374","佳能","200,956","2,916,909","14.45","14.65","14.45","14.55","+0.15","140"
"2375","智寶","579,838","23,504,726","40.70","40.80","40.15","40.55","+0.45","416"
"2376","技嘉","2,945,437","133,567,989","45.45","45.65","45.05","45.20","+0.25","1,847"
"2377","微星","4,035,103","324,220,287","81.70","81.70","79.80","80.10"," 0.00","2,632"
"2379","瑞昱","9,374,895","2,009,676,038","212.00","220.00","208.00","218.50","+14.50","6,489"
"2380","虹光","1,480,973","4,829,453","3.30","3.39","3.16","3.16","-0.08","338"
"2382","廣達","5,437,881","318,508,715","58.50","58.90","57.80","58.90","+0.70","2,415"
"2383","台光電","6,317,172","539,632,705","83.20","87.40","82.70","87.00","+5.00","4,193"
"2385","群光","4,320,121","338,816,192","77.60","79.60","77.60","79.00","+2.70","2,750"
"2387","精元","62,108","1,113,036","18.05","18.05","17.85","18.00","+0.10","31"
"2388","威盛","1,417,785","45,874,635","32.25","32.80","31.80","32.50","+1.00","962"
"2390","云辰","514,774","6,164,650","12.05","12.10","11.90","11.90"," 0.00","290"
"2392","正崴","737,407","22,848,317","30.85","31.25","30.70","31.00","+0.35","520"
"2393","億光","274,680","7,786,612","28.50","28.55","28.25","28.35","+0.05","149"
"2395","研華","1,405,941","371,469,778","261.50","269.50","259.50","260.00","+0.50","1,206"
"2397","友通","86,864","7,523,731","86.30","87.90","86.00","86.50","+0.30","50"
"2399","映泰","695,345","7,048,368","10.25","10.25","10.05","10.10","-0.05","291"
"2401","凌陽","382,037","4,566,831","12.00","12.05","11.90","11.95","+0.05","156"
"2402","毅嘉","277,335","4,017,873","14.55","14.55","14.45","14.50","+0.10","126"
"2404","漢唐","4,139,648","615,191,700","147.50","150.50","146.50","150.00","+6.50","3,006"
"2405","浩鑫","1,000,121","12,229,669","12.15","12.40","12.05","12.15","+0.20","476"
"2406","國碩","6,690,136","62,185,608","9.10","9.60","9.03","9.12","+0.10","2,884"
"2408","南亞科","14,247,770","846,787,303","60.00","60.00","59.10","59.30","+0.10","6,716"
"2409","友達","21,862,128","199,466,357","9.10","9.19","9.10","9.11","+0.05","5,320"
"2412","中華電","4,822,206","548,735,814","113.50","114.00","113.50","114.00","+0.50","2,201"
"2413","環科","191,271","3,558,040","18.45","18.75","18.45","18.75","+0.30","108"
"2414","精技","30,546","644,446","21.10","21.15","21.05","21.15","+0.10","20"
"2415","錩新","332,000","7,814,300","23.95","23.95","23.20","23.50","+0.90","207"
"2417","圓剛","137,424","1,488,897","10.90","10.90","10.80","10.90","+0.10","84"
"2419","仲琦","743,860","15,639,230","21.00","21.15","20.95","20.95","+0.25","391"
"2420","新巨","277,350","10,264,694","37.10","37.10","36.95","37.05","+0.20","180"
"2421","建準","713,088","22,857,254","32.00","32.25","31.80","32.00","+0.30","513"
"2423","固緯","524,850","14,273,360","27.50","27.50","27.00","27.30","-0.70","309"
"2424","隴華","682","19,232","0.00","0.00","0.00","0.00"," 0.00","1"
"2425","承啟","115,001","3,175,177","28.00","28.00","27.50","27.70"," 0.00","98"
"2426","鼎元","642,602","10,523,704","16.25","16.45","16.25","16.40","+0.20","386"
"2427","三商電","70,000","719,950","10.30","10.30","10.25","10.30","-0.05","33"
"2428","興勤","325,576","25,911,880","78.50","80.20","78.50","80.00","+2.40","230"
"2429","銘旺科","264,000","3,960,250","15.00","15.05","15.00","15.00"," 0.00","10"
"2430","燦坤","62,743","1,197,767","19.10","19.15","19.05","19.05"," 0.00","43"
"2431","聯昌","125,185","1,241,085","9.95","9.95","9.86","9.88","+0.01","62"
"2433","互盛電","185,545","8,799,335","47.40","47.50","47.35","47.45","+0.05","118"
"2434","統懋","28,068","185,142","6.60","6.60","6.60","6.60","+0.10","16"
"2436","偉詮電","555,712","14,069,339","25.05","25.50","25.05","25.50","+0.50","360"
"2438","翔耀","11,866","80,104","6.72","6.94","6.72","6.94","-0.01","12"
"2439","美律","5,185,277","857,278,280","165.00","167.50","163.50","163.50","+2.00","3,565"
"2440","太空梭","16,000","131,200","8.20","8.20","8.20","8.20"," 0.00","8"
"2441","超豐","273,500","11,344,799","41.30","41.60","41.30","41.30"," 0.00","179"
"2442","新美齊","1,835,587","23,939,050","13.25","13.25","12.95","13.00","-0.10","705"
"2443","新利虹","26,349","88,880","3.39","3.40","3.37","3.37"," 0.00","16"
"2444","兆勁","1,914,975","38,388,557","20.15","20.25","19.80","19.80","-0.35","286"
"2448","晶電","5,587,003","132,795,915","24.10","24.20","23.60","23.60","-0.35","2,453"
"2449","京元電子","4,856,613","127,191,223","26.45","26.45","26.05","26.15","+0.15","3,089"
"2450","神腦","43,001","1,350,531","31.65","31.65","31.25","31.30"," 0.00","32"
"2451","創見","252,135","18,155,074","72.00","72.50","71.50","71.70"," 0.00","185"
"2453","凌群","2,883,501","45,723,239","16.15","16.20","15.30","15.55","-0.10","1,260"
"2454","聯發科","8,082,018","2,538,785,170","313.00","316.50","310.00","316.00","+9.00","5,285"
"2455","全新","2,922,061","217,214,961","73.70","75.40","72.70","74.70","+2.50","2,052"
"2456","奇力新","3,340,297","273,193,149","81.00","82.50","80.60","82.40","+2.70","2,215"
"2457","飛宏","274,924","2,457,161","8.92","8.99","8.91","8.99","+0.09","132"
"2458","義隆","3,670,780","271,605,474","73.30","74.90","72.40","74.80","+2.90","2,353"
"2459","敦吉","37,060","1,418,953","38.30","38.45","38.20","38.30","+0.05","30"
"2460","建通","48,450","481,725","9.99","9.99","9.92","9.99","+0.07","24"
"2461","光群雷","81,003","1,115,089","13.85","13.95","13.65","13.70","-0.15","43"
"2462","良得電","134,224","3,751,285","28.00","28.20","27.75","28.00"," 0.00","72"
"2464","盟立","906,440","41,895,630","46.20","46.55","45.90","46.55","+0.60","633"
"2465","麗臺","375,349","4,566,688","12.40","12.50","12.05","12.05","-0.20","223"
"2466","冠西電","81,000","2,668,450","32.90","33.15","32.85","32.95"," 0.00","47"
"2467","志聖","494,013","15,531,459","31.40","31.60","31.30","31.40","+0.20","345"
"2468","華經","51,000","611,250","12.00","12.00","11.95","12.00"," 0.00","19"
"2471","資通","81,001","1,404,768","17.30","17.40","17.25","17.40","+0.30","58"
"2472","立隆電","90,200","3,217,750","36.30","36.30","35.50","35.70","+0.30","59"
"2474","可成","9,165,695","1,733,217,554","191.50","196.50","182.00","195.50","+5.00","6,907"
"2476","鉅祥","33,306","798,912","23.95","24.05","23.90","24.00","+0.05","26"
"2477","美隆電","53,000","1,144,900","21.30","21.75","21.30","21.70","+0.15","33"
"2478","大毅","1,375,815","60,685,369","43.30","44.95","43.00","44.70","+2.15","1,067"
"2480","敦陽科","313,813","16,341,698","51.60","52.60","51.50","52.40","+0.80","212"
"2481","強茂","2,427,551","60,471,578","24.90","25.25","24.55","25.25","+0.75","1,291"
"2482","連宇","17,000","178,650","10.50","10.55","10.50","10.55"," 0.00","7"
"2483","百容","52,000","1,061,300","20.40","20.45","20.40","20.40"," 0.00","29"
"2484","希華","161,009","3,099,722","19.35","19.35","19.20","19.20"," 0.00","80"
"2485","兆赫","1,189,895","23,881,637","20.05","20.25","19.80","20.25","+0.35","638"
"2486","一詮","115,963","951,735","8.22","8.24","8.19","8.20"," 0.00","58"
"2488","漢平","337,066","12,468,193","37.20","37.25","36.80","36.85","-0.30","295"
"2489","瑞軒","741,042","7,713,277","10.45","10.45","10.35","10.45"," 0.00","288"
"2491","吉祥全","7,770","43,639","5.70","5.70","5.60","5.60","-0.10","11"
"2492","華新科","9,262,972","1,386,751,300","150.00","152.00","147.00","150.00","+3.50","6,210"
"2493","揚博","244,013","7,360,994","30.10","30.25","30.10","30.20","+0.20","116"
"2495","普安","546,087","7,536,586","13.50","13.95","13.50","13.75","+0.25","260"
"2496","卓越","8,060","672,780","84.20","84.20","83.00","83.00","-1.20","8"
"2497","怡利電","136,005","3,512,327","25.70","26.40","25.60","25.60","+0.10","107"
"2498","宏達電","4,903,414","174,149,939","35.60","35.70","35.35","35.50","+0.55","2,551"
"2499","東貝","528,217","4,550,342","8.65","8.68","8.58","8.60","-0.05","290"
"2501","國建","1,205,240","33,844,520","28.10","28.30","27.90","28.05","+0.45","734"
"2504","國產","2,245,507","19,299,036","8.60","8.64","8.55","8.56","+0.01","874"
"2505","國揚","305,669","3,846,525","12.60","12.60","12.55","12.60","+0.05","105"
"2506","太設","84,080","967,412","11.45","11.60","11.45","11.50","+0.05","45"
"2509","全坤建","149,430","4,390,640","29.60","29.60","29.10","29.50","-0.10","75"
"2511","太子","2,366,760","28,097,360","11.85","11.95","11.80","11.90","+0.10","651"
"2514","龍邦","54,508","882,454","16.15","16.25","16.15","16.20","+0.05","53"
"2515","中工","5,496,108","45,700,836","8.34","8.38","8.27","8.31","-0.01","1,043"
"2516","新建","10,216","62,206","6.09","6.09","6.09","6.09"," 0.00","11"
"2520","冠德","8,832,436","252,960,267","29.10","29.10","28.30","28.50","-0.65","4,004"
"2524","京城","188,000","5,122,950","27.35","27.45","27.10","27.45","+0.35","106"
"2527","宏璟","88,896","1,958,593","22.25","22.45","21.85","21.90","-0.30","51"
"2528","皇普","124,434","1,973,750","15.90","15.90","15.80","15.80","+0.05","37"
"2530","華建","210,607","3,334,850","16.00","16.00","15.75","15.85","-0.15","85"
"2534","宏盛","1,175,634","25,192,548","21.25","21.60","21.15","21.40","+0.25","482"
"2535","達欣工","1,063,052","23,102,125","21.80","21.80","21.65","21.70","+0.05","512"
"2536","宏普","909,546","19,527,138","21.60","21.65","21.10","21.60","+0.20","493"
"2537","聯上發","461,976","3,293,925","7.18","7.20","7.08","7.12","-0.03","137"
"2538","基泰","459,721","5,558,336","12.10","12.15","12.05","12.05","+0.05","121"
"2539","櫻花建","37,261","1,111,049","29.90","30.00","29.65","29.80","-0.10","25"
"2540","愛山林","16,079","396,688","24.60","24.75","24.20","24.75","+0.15","7"
"2542","興富發","2,345,452","114,159,719","48.60","48.90","48.55","48.70","+0.20","1,095"
"2543","皇昌","5,575","40,536","7.40","7.40","7.20","7.34","-0.06","7"
"2545","皇翔","174,838","5,193,280","29.55","30.00","29.40","29.75","+0.20","105"
"2546","根基","239,275","8,385,585","35.25","35.25","34.75","35.00","+0.40","177"
"2547","日勝生","779,970","10,425,397","13.50","13.50","13.30","13.35","-0.05","249"
"2548","華固","2,644,848","228,756,479","84.50","87.50","84.20","87.30","+3.50","1,777"
"2597","潤弘","28,000","1,644,600","58.70","58.80","58.60","58.70","+0.20","18"
"2601","益航","3,902,240","47,616,899","12.25","12.35","12.10","12.20"," 0.00","1,057"
"2603","長榮","9,194,503","110,520,836","12.05","12.10","11.90","12.05","+0.10","1,383"
"2605","新興","379,261","5,834,062","15.40","15.45","15.35","15.40"," 0.00","203"
"2606","裕民","271,169","8,443,259","31.10","31.20","31.05","31.20","+0.10","179"
"2607","榮運","890,350","12,545,715","14.10","14.20","14.05","14.10","+0.05","220"
"2608","嘉里大榮","74,058","2,649,538","36.00","36.00","35.70","35.70","-0.10","55"
"2609","陽明","776,162","6,194,012","7.98","8.00","7.96","7.97"," 0.00","215"
"2610","華航","5,439,585","53,141,457","9.80","9.83","9.73","9.74","-0.05","1,604"
"2611","志信","1,007,824","7,996,907","7.79","8.10","7.75","7.83","+0.12","333"
"2612","中航","109,411","3,450,215","31.50","31.70","31.40","31.55","-0.15","94"
"2613","中櫃","97,267","1,266,746","12.95","13.15","12.90","13.15","+0.20","61"
"2614","東森","567,041","7,014,442","12.35","12.45","12.30","12.35","+0.05","269"
"2615","萬海","2,088,296","37,326,866","18.05","18.10","17.80","17.80","-0.15","802"
"2616","山隆","132,322","3,951,310","29.90","30.00","29.80","30.00","+0.05","112"
"2617","台航","479,729","9,352,491","19.40","19.55","19.40","19.55","+0.15","129"
"2618","長榮航","7,468,628","113,463,234","15.25","15.30","15.10","15.20","-0.25","2,043"
"2630","亞航","58,000","1,246,600","21.50","21.60","21.15","21.15","+0.10","34"
"2633","台灣高鐵","10,527,718","491,655,686","46.45","47.00","46.15","46.95","+0.30","5,051"
"2634","漢翔","3,195,798","107,027,077","33.50","33.75","33.20","33.45","+0.35","1,777"
"2636","台驊投控","130,161","3,292,027","25.30","25.35","25.20","25.30","+0.05","98"
"2637","慧洋-KY","294,762","8,797,717","29.80","29.90","29.80","29.85","+0.05","157"
"2642","宅配通","65,000","1,479,800","22.60","22.95","22.60","22.60","+0.10","36"
"2701","萬企","25,648","327,758","12.75","12.85","12.75","12.80","+0.05","18"
"2702","華園","727,425","14,162,489","18.75","20.20","18.75","19.85","+1.45","505"
"2704","國賓","193,734","4,285,098","22.20","22.20","22.05","22.10"," 0.00","87"
"2705","六福","560,782","3,823,892","6.89","6.89","6.79","6.81","-0.08","236"
"2706","第一店","134,906","1,954,093","14.45","14.50","14.45","14.50","+0.10","70"
"2707","晶華","884,629","153,877,134","169.00","177.50","168.50","177.50","+8.50","799"
"2712","遠雄來","100","4,340","0.00","0.00","0.00","0.00"," 0.00","2"
"2722","夏都","5,000","118,750","23.35","23.85","23.35","23.85","X0.00","3"
"2723","美食-KY","787,780","133,531,940","163.50","175.00","163.00","171.50","+9.50","673"
"2727","王品","256,809","22,214,069","85.50","87.30","85.50","87.10","+1.90","223"
"2731","雄獅","110,101","9,271,559","84.50","84.70","83.90","84.50"," 0.00","92"
"2739","寒舍","45,053","1,314,299","29.10","29.30","29.10","29.25","-0.05","40"
"2748","雲品","22,000","1,344,900","61.40","61.50","61.00","61.00","-0.10","21"
"2801","彰銀","37,759,797","800,657,099","20.70","21.45","20.70","21.45","+0.75","5,684"
"2809","京城銀","771,616","25,949,825","33.60","33.75","33.45","33.70","+0.25","383"
"2812","台中銀","9,990,504","126,809,405","12.60","12.75","12.55","12.70","+0.15","2,409"
"2816","旺旺保","140,271","2,812,640","20.05","20.10","20.05","20.05","+0.05","80"
"2820","華票","629,617","9,343,103","14.85","14.90","14.80","14.90","+0.05","142"
"2823","中壽","8,062,255","194,451,421","24.00","24.25","23.90","24.25","+0.25","2,560"
"2832","台產","106,149","2,169,196","20.45","20.45","20.40","20.45"," 0.00","44"
"2834","臺企銀","33,599,215","460,751,644","13.65","13.80","13.60","13.75","+0.20","6,142"
"2836","高雄銀","657,927","6,399,592","9.69","9.76","9.67","9.71","+0.02","195"
"2838","聯邦銀","1,901,834","22,139,849","11.50","11.70","11.50","11.65","+0.15","599"
"2838A","聯邦銀甲特","64,008","3,497,335","54.70","54.70","54.60","54.70"," 0.00","23"
"2841","台開","4,451,305","43,929,475","9.70","9.97","9.65","9.92","+0.32","1,451"
"2845","遠東銀","5,945,711","72,357,853","12.15","12.25","12.10","12.20","+0.10","969"
"2849","安泰銀","182,350","2,771,904","15.10","15.35","15.10","15.30","+0.05","62"
"2850","新產","197,357","7,955,668","40.40","40.45","40.15","40.25","+0.25","142"
"2851","中再保","350,859","6,523,926","18.65","18.70","18.50","18.60","-0.05","152"
"2852","第一保","132,254","1,966,406","14.90","14.95","14.80","14.90"," 0.00","60"
"2855","統一證","1,503,115","20,318,704","13.50","13.60","13.45","13.50","+0.05","295"
"2867","三商壽","1,514,282","16,167,487","10.65","10.75","10.60","10.65","+0.05","465"
"2880","華南金","11,826,727","253,244,003","21.35","21.50","21.35","21.40","+0.10","3,928"
"2881","富邦金","12,500,641","549,668,794","44.00","44.20","43.65","44.15","+1.00","4,466"
"2881A","富邦特","35,253","2,294,418","64.80","65.20","64.80","65.20","+0.10","25"
"2881B","富邦金乙特","35,476","2,223,249","62.50","62.80","62.50","62.80","+0.10","23"
"2882","國泰金","17,046,063","703,520,954","41.30","41.45","41.00","41.35","+0.60","5,135"
"2882A","國泰特","45,858","2,937,025","64.00","64.20","64.00","64.20","+0.10","18"
"2882B","國泰金乙特","260,511","16,307,686","62.60","62.70","62.50","62.70"," 0.00","14"
"2883","開發金","17,494,311","166,388,304","9.52","9.53","9.47","9.53","+0.08","3,777"
"2884","玉山金","24,046,723","656,807,753","27.40","27.45","27.20","27.30","-0.10","6,319"
"2885","元大金","16,387,213","296,202,231","18.05","18.15","18.00","18.10","+0.05","3,280"
"2886","兆豐金","21,804,427","695,664,656","31.70","32.05","31.60","31.95","+0.25","6,726"
"2887","台新金","26,411,890","377,377,973","14.25","14.35","14.25","14.30","+0.05","5,993"
"2887E","台新戊特","8,400","464,880","55.30","55.40","55.30","55.40","+0.10","8"
"2887F","台新戊特二","15,741","810,511","51.50","51.50","51.50","51.50"," 0.00","17"
"2888","新光金","39,953,399","353,316,354","8.80","8.89","8.78","8.84","+0.09","5,299"
"2889","國票金","3,371,835","35,399,348","10.55","10.55","10.45","10.55","+0.05","592"
"2890","永豐金","17,806,060","222,095,223","12.50","12.55","12.35","12.45","-0.05","2,669"
"2891","中信金","41,887,190","890,416,555","21.25","21.40","21.15","21.30","+0.25","9,626"
"2891B","中信金乙特","40,731","2,618,284","64.20","64.30","64.20","64.30"," 0.00","18"
"2891C","中信金丙特","72,368","4,423,111","61.10","61.20","61.10","61.20","+0.10","92"
"2892","第一金","19,320,686","438,793,214","22.65","22.80","22.60","22.75","+0.05","6,289"
"2897","王道銀行","2,568,567","21,690,837","8.32","8.50","8.32","8.43","+0.12","736"
"2897A","王道銀甲特","128,000","1,330,950","10.40","10.40","10.35","10.40"," 0.00","35"
"2901","欣欣","51,666","1,239,750","23.90","24.00","23.90","24.00"," 0.00","15"
"2903","遠百","4,555,468","82,515,078","17.80","18.25","17.80","18.25","+0.50","1,455"
"2904","匯僑","47,128","1,103,398","23.40","23.45","23.40","23.45","+0.05","27"
"2905","三商","165,478","2,946,528","17.80","17.90","17.80","17.85","+0.10","93"
"2906","高林","184,709","2,008,507","10.90","10.95","10.80","10.90"," 0.00","41"
"2908","特力","111,629","2,377,696","21.35","21.35","21.20","21.30","-0.05","81"
"2910","統領","3,024","81,043","27.00","27.00","26.40","27.00"," 0.00","4"
"2911","麗嬰房","74,656","573,898","7.69","7.70","7.66","7.70","+0.01","41"
"2912","統一超","887,681","268,490,159","300.00","304.00","300.00","303.50","+2.50","783"
"2913","農林","1,681,703","27,831,971","16.60","16.65","16.50","16.50"," 0.00","661"
"2915","潤泰全","1,476,059","102,598,095","69.20","69.90","69.20","69.40","+0.90","811"
"2923","鼎固-KY","8,000","174,700","22.10","22.10","21.60","21.80"," 0.00","7"
"2929","淘帝-KY","126,541","10,664,798","84.20","84.70","84.00","84.30","+0.30","125"
"2936","客思達-KY","16,000","399,350","24.95","25.10","24.80","25.10","-0.05","10"
"2939","凱羿-KY","48,010","5,029,045","104.00","105.50","104.00","104.00","+1.00","44"
"3002","歐格","30,100","302,136","10.00","10.10","9.97","9.97","-0.03","22"
"3003","健和興","227,552","9,126,973","40.30","40.35","39.55","40.15","+0.05","178"
"3004","豐達科","1,362,734","121,679,071","89.90","90.30","88.20","89.70","+0.50","892"
"3005","神基","1,992,182","87,250,642","44.00","44.50","43.45","43.65","+0.35","1,137"
"3006","晶豪科","295,268","8,875,092","30.00","30.15","29.90","30.05","+0.30","164"
"3008","大立光","1,207,618","4,244,921,849","3,550.00","3,555.00","3,470.00","3,520.00","+50.00","1,121"
"3010","華立","37,435","2,010,657","53.40","53.80","53.40","53.70","+0.40","36"
"3011","今皓","44,545","312,415","7.00","7.06","7.00","7.01","+0.01","29"
"3013","晟銘電","114,330","1,711,916","14.95","15.05","14.95","14.95"," 0.00","78"
"3014","聯陽","197,984","6,737,053","33.75","34.20","33.75","34.05","+0.35","135"
"3015","全漢","69,473","1,360,723","19.70","19.70","19.55","19.55","-0.10","49"
"3016","嘉晶","1,197,301","48,010,192","39.85","40.50","39.70","40.10","+0.95","762"
"3017","奇鋐","33,077,452","1,160,438,161","33.70","36.05","33.60","35.90","+3.10","16,231"
"3018","同開","54,445","1,529,278","28.40","28.40","27.85","28.00","-0.15","61"
"3019","亞光","3,109,407","226,350,455","72.20","73.50","71.40","73.50","+3.50","2,246"
"3021","鴻名","21,012","309,876","14.80","14.80","14.70","14.80","+0.05","15"
"3022","威強電","66,349","2,165,121","33.10","33.10","32.50","32.60","+0.05","56"
"3023","信邦","435,282","47,859,238","111.00","111.00","109.50","109.50","+1.00","337"
"3024","憶聲","54,044","367,300","6.82","6.82","6.78","6.81","-0.01","27"
"3025","星通","89,014","1,818,233","20.60","20.80","20.15","20.40","+0.35","68"
"3026","禾伸堂","894,588","84,896,370","94.90","95.50","93.90","95.20","+2.10","779"
"3027","盛達","230,121","1,895,276","8.30","8.35","8.20","8.33","+0.11","81"
"3028","增你強","301,517","6,764,485","22.40","22.60","22.30","22.50","+0.10","185"
"3029","零壹","2,139,669","59,927,877","27.70","28.45","27.65","28.45","+1.05","1,115"
"3030","德律","787,366","40,668,468","51.70","51.90","51.50","51.60","-0.10","448"
"3031","佰鴻","120,645","1,420,559","11.70","11.85","11.70","11.85","+0.20","71"
"3032","偉訓","52,308","1,415,311","27.20","27.20","27.00","27.15","+0.20","50"
"3033","威健","362,637","7,150,576","19.70","19.80","19.70","19.70","+0.05","171"
"3034","聯詠","13,707,459","2,159,781,358","155.00","160.50","154.50","159.50","+10.00","8,130"
"3035","智原","2,666,206","120,306,951","44.95","45.75","44.70","44.70","+0.80","1,789"
"3036","文曄","870,784","33,599,172","38.50","38.80","38.45","38.70","+0.40","586"
"3037","欣興","58,145,792","1,757,409,552","29.35","31.00","29.20","31.00","+2.35","21,326"
"3038","全台","1,192,558","18,318,894","15.40","15.60","15.20","15.55","+0.40","449"
"3040","遠見","34,861","1,087,203","31.00","31.35","31.00","31.25","+0.25","33"
"3041","揚智","1,338,063","12,427,014","9.45","9.45","9.19","9.20","-0.13","539"
"3042","晶技","296,147","9,956,140","33.55","33.70","33.45","33.70","+0.30","213"
"3043","科風","16,943","40,201","2.40","2.40","2.37","2.40"," 0.00","12"
"3044","健鼎","935,958","90,955,788","96.60","97.70","96.60","97.70","+1.20","742"
"3045","台灣大","3,378,773","402,320,487","118.50","119.50","118.50","119.50","+1.00","1,649"
"3046","建碁","4,349","99,154","22.80","22.85","22.80","22.80","+0.25","6"
"3047","訊舟","1,250,968","12,849,924","10.40","10.45","10.15","10.20","-0.20","504"
"3048","益登","99,908","1,337,420","13.45","13.45","13.35","13.35","+0.05","62"
"3049","和鑫","22,225,239","315,489,346","14.25","14.40","14.00","14.10","+0.10","5,224"
"3050","鈺德","593,839","6,453,329","10.75","10.95","10.75","10.95","+0.25","228"
"3051","力特","1,764,746","5,460,561","3.05","3.23","3.05","3.09","+0.04","229"
"3052","夆典","64,353","521,677","8.14","8.14","8.07","8.12","+0.02","32"
"3054","立萬利","3,570","88,520","25.00","25.00","24.70","24.80","-0.20","6"
"3055","蔚華科","14,696","381,734","26.00","26.10","25.80","25.90","-0.10","19"
"3056","總太","1,070,167","22,370,505","20.90","21.20","20.70","20.75","-0.20","505"
"3057","喬鼎","1,025,291","8,108,542","8.10","8.10","7.72","7.85","-0.13","421"
"3058","立德","90,029","713,916","7.90","8.00","7.85","7.91","+0.01","27"
"3059","華晶科","965,379","24,450,657","25.45","25.50","25.15","25.25","+0.30","559"
"3060","銘異","162,802","2,163,484","13.45","13.45","13.20","13.30","-0.05","111"
"3062","建漢","2,528,362","38,693,842","14.90","15.55","14.75","15.55","+0.85","914"
"3090","日電貿","386,226","20,384,326","52.70","53.00","52.60","52.80","+0.40","295"
"3094","聯傑","37,302","658,952","17.60","17.80","17.60","17.80","+0.20","29"
"3130","一零四","2,538","428,651","169.50","169.50","168.50","168.50","+1.00","6"
"3149","正達","448,851","4,978,365","11.30","11.30","10.95","10.95","-0.20","179"
"3164","景岳","52,101","1,353,665","25.85","26.30","25.75","25.85","-0.10","17"
"3167","大量","307,604","12,575,838","41.00","41.05","40.70","40.80"," 0.00","180"
"3189","景碩","1,734,933","69,583,420","40.10","40.35","39.90","39.95","+0.10","967"
"3209","全科","170,244","3,215,058","18.90","19.05","18.85","18.90"," 0.00","105"
"3229","晟鈦","68,488","873,097","13.10","13.10","12.50","12.80","-0.30","50"
"3231","緯創","30,445,399","732,186,526","24.00","24.50","23.75","24.10","+1.25","9,425"
"3257","虹冠電","489,871","27,997,652","58.90","59.10","56.00","57.10","-1.60","276"
"3266","昇陽","37,026","411,388","11.20","11.20","11.10","11.15","+0.05","14"
"3296","勝德","88,010","1,492,367","17.25","17.25","16.80","16.80","-0.50","49"
"3305","昇貿","19,062","387,605","20.35","20.35","20.25","20.35"," 0.00","14"
"3308","聯德","153","888","0.00","0.00","0.00","0.00"," 0.00","3"
"3311","閎暉","984,393","13,858,702","13.95","14.20","13.80","14.05","+0.15","236"
"3312","弘憶股","503,131","6,321,284","12.50","12.70","12.50","12.50","+0.25","236"
"3321","同泰","392,000","5,462,500","14.00","14.25","13.70","13.95","-0.10","156"
"3338","泰碩","15,362,373","820,966,639","51.70","54.80","51.40","54.80","+4.90","8,291"
"3346","麗清","86,000","2,908,300","33.75","34.40","33.70","33.80","+0.05","64"
"3356","奇偶","688,374","23,408,604","34.20","34.40","33.35","34.00","+0.15","479"
"3376","新日興","3,094,491","340,489,510","110.00","113.00","107.00","110.50","+4.00","1,773"
"3380","明泰","1,579,018","30,017,442","19.00","19.20","18.85","19.10","+0.20","574"
"3383","新世紀","35,042","36,343","1.06","1.06","1.02","1.02","-0.02","7"
"3406","玉晶光","13,223,344","4,221,211,589","320.50","323.00","315.00","321.00","+8.50","9,808"
"3413","京鼎","458,104","53,365,064","117.50","117.50","115.00","116.00","+1.00","362"
"3416","融程電","36,269","1,967,787","54.50","54.50","54.10","54.40","+0.20","25"
"3419","譁裕","453,150","6,594,445","14.50","14.65","14.45","14.55","+0.15","221"
"3432","台端","26,020","371,986","14.35","14.35","14.20","14.25","-0.10","16"
"3437","榮創","257,410","3,587,931","14.00","14.05","13.85","14.00","+0.20","150"
"3443","創意","2,028,090","419,135,940","208.00","210.00","202.00","210.00","+5.50","1,696"
"3450","聯鈞","1,323,466","71,734,705","54.80","55.20","53.50","54.00","-0.30","953"
"3454","晶睿","3,176,734","413,842,315","127.00","134.00","125.00","128.50","+2.50","1,927"
"3481","群創","75,527,334","535,285,290","7.17","7.18","7.03","7.06","-0.09","12,156"
"3494","誠研","85,569","357,935","4.18","4.21","4.17","4.20","+0.05","33"
"3501","維熹","94,035","4,905,532","52.50","52.50","52.00","52.10","-0.10","59"
"3504","揚明光","2,867,253","263,984,049","93.00","93.00","91.50","92.00","+2.00","2,120"
"3515","華擎","19,124","1,140,497","59.80","59.80","59.40","59.60","+0.30","21"
"3518","柏騰","45,506","765,474","16.90","16.90","16.65","16.75","+0.10","32"
"3528","安馳","167,133","6,732,794","40.30","40.30","40.25","40.30","+0.05","113"
"3530","晶相光","25,000","1,806,800","72.40","72.50","72.00","72.30","+0.50","25"
"3532","台勝科","509,391","51,712,382","101.50","102.00","101.00","102.00","+2.10","415"
"3533","嘉澤","1,222,285","244,644,068","199.50","203.00","198.50","200.00","+5.00","1,099"
"3535","晶彩科","13,461,150","460,431,829","33.90","34.90","33.50","33.90","+0.90","7,645"
"3536","誠創","39,000","267,740","6.86","6.98","6.83","6.87","+0.04","19"
"3545","敦泰","1,164,906","25,324,214","21.70","21.95","21.55","21.60"," 0.00","624"
"3550","聯穎","97,005","1,463,030","15.10","15.15","15.00","15.10","+0.05","57"
"3557","嘉威","314,929","7,809,549","24.60","25.05","24.60","24.75","+0.15","112"
"3563","牧德","526,185","199,888,540","380.00","382.00","377.00","382.00","+7.50","487"
"3576","聯合再生","4,771,788","46,416,238","9.83","9.83","9.68","9.72","+0.05","1,226"
"3579","尚志","363,329","358,356","1.00","1.07","0.93","0.93","-0.06","60"
"3583","辛耘","655,229","41,202,020","62.60","63.50","62.40","62.40","+2.60","539"
"3588","通嘉","22,302","498,602","22.45","22.45","22.25","22.30","+0.10","24"
"3591","艾笛森","36,308","537,390","14.80","14.85","14.70","14.80","-0.05","27"
"3593","力銘","7,678","60,106","7.82","7.86","7.82","7.86","+0.04","10"
"3596","智易","1,102,189","95,923,116","87.40","87.80","86.20","87.80","+2.20","798"
"3605","宏致","61,852","1,336,833","21.40","21.80","21.40","21.70","+0.30","57"
"3607","谷崧","392,143","7,399,687","18.50","19.05","18.40","18.90","+0.50","235"
"3617","碩天","88,000","8,033,000","89.90","91.90","89.90","91.70","+2.00","73"
"3622","洋華","75,013","1,233,757","16.45","16.60","16.40","16.45","+0.05","54"
"3645","達邁","582,432","27,260,940","47.20","47.20","46.60","46.70","+0.40","423"
"3653","健策","6,464,695","766,688,095","112.50","121.00","112.50","121.00","+11.00","4,357"
"3661","世芯-KY","2,777,730","235,802,750","82.60","86.40","82.60","85.40","+3.00","2,051"
"3665","貿聯-KY","785,853","154,242,041","194.50","198.00","194.00","198.00","+8.00","629"
"3669","圓展","51,000","855,700","16.65","17.00","16.50","16.90","+0.25","45"
"3673","TPK-KY","2,028,941","98,958,709","48.80","49.20","48.40","48.70","+0.70","1,384"
"3679","新至陞","31,800","1,513,400","47.80","47.90","47.50","47.55"," 0.00","25"
"3682","亞太電","2,611,247","18,774,164","7.23","7.26","7.15","7.18","+0.02","740"
"3686","達能","415,253","613,997","1.48","1.48","1.45","1.48","+0.03","36"
"3694","海華","77,000","1,539,850","19.80","20.15","19.80","20.00","-0.20","41"
"3698","隆達","652,371","9,157,894","14.05","14.15","13.95","14.05","+0.15","410"
"3701","大眾控","15,990","227,345","14.25","14.25","14.25","14.25","+0.05","30"
"3702","大聯大","1,895,627","74,727,138","39.05","39.55","39.05","39.50","+0.45","1,002"
"3703","欣陸","1,245,565","21,155,247","16.95","17.10","16.90","17.00","+0.05","360"
"3704","合勤控","16,487,635","386,189,703","23.20","23.80","22.90","23.80","+1.05","6,922"
"3705","永信","160,411","6,771,303","42.25","42.35","42.10","42.35","+0.15","93"
"3706","神達","1,072,095","31,524,292","29.40","29.55","29.30","29.45","+0.20","711"
"3708","上緯投控","2,054,411","204,999,433","99.20","102.00","97.80","101.00","+2.50","1,572"
"3711","日月光投控","5,270,282","315,192,957","59.50","60.10","59.10","59.90","+1.20","2,346"
"3712","永崴投控","169,851","3,542,192","21.15","21.15","20.75","20.80","+0.10","150"
"4104","佳醫","138,041","7,018,978","50.70","51.00","50.70","50.80","+0.10","95"
"4106","雃博","123,600","3,101,309","25.20","25.40","24.90","25.00","-0.30","99"
"4108","懷特","214,225","4,000,246","18.90","18.90","18.45","18.55","-0.05","137"
"4119","旭富","1,374,167","124,611,897","90.80","91.40","90.00","90.70","+1.50","925"
"4133","亞諾法","10,000","276,300","27.80","27.80","27.50","27.70","+0.10","10"
"4137","麗豐-KY","257,000","66,486,500","262.00","262.00","255.50","258.50"," 0.00","232"
"4141","龍燈-KY","15,000","256,400","17.15","17.20","17.05","17.15","+0.05","14"
"4142","國光生","1,482,443","29,251,488","19.65","19.85","19.65","19.75","+0.15","632"
"4144","康聯-KY","172,524","4,872,528","28.30","28.40","28.15","28.15"," 0.00","119"
"4148","全宇生技-KY","110,000","6,107,500","55.80","55.90","55.00","55.30","-0.50","59"
"4155","訊映","73,000","2,048,050","28.20","28.25","28.00","28.10","-0.05","40"
"4164","承業醫","259,000","10,190,650","39.40","39.45","39.05","39.45","+0.40","157"
"4190","佐登-KY","1,777,600","200,077,798","112.00","114.50","110.00","114.50","+5.00","1,352"
"4306","炎洲","650,780","8,750,019","13.35","13.60","13.30","13.35"," 0.00","220"
"4414","如興","2,096,194","29,396,652","14.20","14.20","13.95","14.00","-0.15","924"
"4426","利勤","6,374,500","438,792,276","66.00","70.50","65.30","69.60","+5.40","4,302"
"4438","廣越","298,121","44,572,150","149.50","152.00","147.50","148.50","+0.50","264"
"4526","東台","118,040","2,174,189","18.55","18.55","18.35","18.45","-0.10","63"
"4532","瑞智","204,342","5,125,968","25.10","25.20","24.95","25.15","-0.10","148"
"4536","拓凱","304,282","45,617,800","148.50","152.00","146.50","151.00","+4.50","236"
"4540","全球傳動","253,106","15,724,831","62.40","62.50","61.80","62.20","+0.60","196"
"4545","銘鈺","40,045","936,952","23.60","23.60","23.25","23.60"," 0.00","21"
"4551","智伸科","58,000","6,166,000","106.50","107.00","105.00","107.00","+3.00","53"
"4552","力達-KY","101,275","5,062,505","49.80","50.30","49.75","49.95","+0.30","80"
"4555","氣立","8,004","462,928","58.10","59.10","57.30","57.30","-1.10","10"
"4557","永新-KY","55,368","4,094,190","74.00","74.50","73.70","73.70","-0.30","28"
"4560","強信-KY","273,018","14,711,781","54.10","54.20","53.60","54.00"," 0.00","99"
"4562","穎漢","1,000","34,000","34.00","34.00","34.00","34.00","+0.20","1"
"4564","元翎","1,416,000","71,855,500","50.00","51.60","50.00","50.50","+1.00","969"
"4566","時碩工業","57,170","2,364,206","41.20","41.50","41.10","41.40","+0.20","38"
"4720","德淵","23,667","319,587","13.50","13.55","13.50","13.50","+0.05","7"
"4722","國精化","99,150","2,907,946","29.35","29.60","28.80","29.60","+0.10","54"
"4725","信昌化","311,000","6,205,100","20.30","20.30","19.85","19.90","-0.05","156"
"4737","華廣","30,045","1,517,463","50.30","51.00","50.30","50.60","+0.40","24"
"4739","康普","230,590","16,548,445","72.00","72.00","71.40","71.50","+0.10","193"
"4746","台耀","112,000","4,197,300","37.60","37.65","37.30","37.40","+0.15","63"
"4755","三福化","8,000","368,800","46.20","46.20","45.85","45.85","+0.05","6"
"4763","材料-KY","547,021","89,813,028","162.00","166.00","161.50","164.50","+3.50","454"
"4764","雙鍵","84,000","6,489,400","77.30","77.80","77.00","77.80"," 0.00","68"
"4766","南寶","302,275","49,467,737","162.00","166.00","161.50","163.00","+1.00","234"
"4807","日成-KY","37,001","1,240,086","33.30","33.85","33.30","33.35","+0.05","30"
"4904","遠傳","1,818,458","142,891,345","78.50","78.70","78.10","78.70","+0.20","945"
"4906","正文","1,640,482","38,402,197","23.35","23.60","23.20","23.50","+0.45","675"
"4912","聯德控股-KY","43,000","5,573,000","130.00","130.50","128.00","130.00"," 0.00","42"
"4915","致伸","5,646,395","285,088,248","49.40","51.20","49.20","51.00","+2.35","3,722"
"4916","事欣科","480,674","17,216,034","35.50","36.30","35.50","35.85","+1.30","305"
"4919","新唐","441,000","19,152,950","43.45","43.65","43.10","43.25","+0.40","337"
"4927","泰鼎-KY","9,430,592","498,259,992","52.60","53.50","52.20","52.60","-0.10","5,205"
"4930","燦星網","58,375","632,317","10.80","10.90","10.80","10.85","+0.05","32"
"4934","太極","886,001","3,984,774","4.53","4.53","4.45","4.52","+0.02","201"
"4935","茂林-KY","51,000","1,936,650","37.90","38.00","37.90","37.95","-0.05","33"
"4938","和碩","7,204,505","363,211,236","50.70","50.80","50.20","50.30","+0.30","2,811"
"4942","嘉彰","536,000","19,592,950","36.30","37.00","36.25","36.90","+0.50","320"
"4943","康控-KY","1,976,159","244,451,557","123.00","125.00","122.50","123.00","+0.50","1,550"
"4952","凌通","105,001","3,661,385","35.00","35.05","34.75","34.75","-0.10","74"
"4956","光鋐","160,011","2,251,856","13.90","14.15","13.90","14.10","+0.30","61"
"4958","臻鼎-KY","5,895,857","549,791,928","93.30","94.40","92.10","93.80","+0.60","4,355"
"4960","誠美材","1,852,955","18,151,396","9.85","9.96","9.51","9.80","-0.25","422"
"4961","天鈺","458,100","17,479,228","38.05","38.40","37.80","38.30","+0.65","350"
"4967","十銓","359,303","9,661,615","26.50","27.15","26.50","26.95","+0.55","188"
"4968","立積","4,391,308","316,909,084","72.00","73.20","70.60","73.20","+2.60","3,040"
"4976","佳凌","437,558","13,373,111","30.95","30.95","30.40","30.40","+0.05","300"
"4977","眾達-KY","507,435","46,020,385","91.80","91.90","89.30","90.00","+0.90","420"
"4989","榮科","67,006","1,617,907","24.30","24.30","24.05","24.10","+0.15","37"
"4994","傳奇","1,168,156","92,756,003","77.20","80.90","76.20","80.90","+7.30","808"
"4999","鑫禾","27,005","1,181,887","43.50","44.05","43.50","43.80"," 0.00","18"
"5007","三星","187,229","10,154,425","54.00","54.50","54.00","54.30","+0.40","88"
"5203","訊連","50,601","3,636,450","71.90","72.00","71.80","71.80","-0.10","47"
"5215","科嘉-KY","91,100","2,916,180","31.70","32.15","31.70","32.00","+0.30","57"
"5225","東科-KY","41,036","1,358,039","32.90","33.20","32.90","33.05","+0.15","17"
"5234","達興材料","628,824","54,953,257","87.00","88.00","87.00","87.80","+1.00","449"
"5243","乙盛-KY","751,000","26,268,600","34.50","35.20","34.50","34.85","+0.80","471"
"5258","虹堡","827,008","17,149,281","20.95","21.35","20.40","20.50","-0.10","510"
"5264","鎧勝-KY","919,381","40,314,473","44.00","44.25","43.45","43.75","+0.55","648"
"5269","祥碩","1,553,022","777,665,214","509.00","518.00","491.00","491.00","+3.50","1,474"
"5283","禾聯碩","350,245","34,128,536","96.30","98.80","96.30","97.50","+1.70","256"
"5284","jpp-KY","5,064","278,948","54.90","55.20","54.90","55.20","+0.60","5"
"5285","界霖","189,000","11,797,600","63.00","63.00","61.60","61.60","+0.20","47"
"5288","豐祥-KY","826,108","106,999,540","130.00","130.50","128.00","130.00","+4.00","591"
"5305","敦南","803,574","23,943,883","29.40","30.05","29.40","29.95","+0.75","591"
"5388","中磊","1,877,000","125,466,900","66.50","67.70","66.20","67.70","+1.90","1,226"
"5434","崇越","169,775","13,836,850","81.40","81.70","81.10","81.70","+0.80","162"
"5469","瀚宇博","3,835,748","113,555,661","29.40","29.75","29.40","29.70","+0.70","1,673"
"5471","松翰","125,102","3,846,300","31.00","31.00","30.65","30.70"," 0.00","76"
"5484","慧友","195,885","837,813","4.36","4.38","4.20","4.37","+0.01","53"
"5515","建國","185,478","1,931,419","10.50","10.50","10.30","10.40","-0.10","59"
"5519","隆大","1,192,199","19,292,021","16.20","16.30","16.10","16.10"," 0.00","406"
"5521","工信","736,222","5,476,662","7.45","7.50","7.37","7.42","+0.01","166"
"5522","遠雄","1,367,191","54,806,623","39.75","40.30","39.70","40.20","+0.40","777"
"5525","順天","474,296","12,969,392","27.60","27.60","27.10","27.35","+0.40","262"
"5531","鄉林","463,571","4,632,880","10.00","10.10","9.95","10.00"," 0.00","93"
"5533","皇鼎","136,000","2,190,700","16.00","16.20","16.00","16.00"," 0.00","21"
"5534","長虹","477,643","42,987,710","90.20","90.20","89.50","89.90","+0.40","443"
"5538","東明-KY","1,000","35,950","35.95","35.95","35.95","35.95","+0.45","1"
"5607","遠雄港","924,106","18,961,062","20.80","20.90","20.35","20.40","-0.30","442"
"5608","四維航","87,984","737,541","8.45","8.49","8.33","8.43","-0.02","52"
"5706","鳳凰","112,715","4,257,002","37.40","38.00","37.40","38.00","+0.70","73"
"5871","中租-KY","3,260,880","387,504,600","117.50","120.50","116.50","120.00","+4.50","1,900"
"5876","上海商銀","6,174,679","358,121,782","58.00","58.20","57.60","58.20","+0.30","1,849"
"5880","合庫金","12,212,585","253,716,102","20.75","20.80","20.75","20.80","+0.10","2,982"
"5906","台南-KY","21,000","283,100","13.40","13.60","13.40","13.60","+0.20","20"
"5907","大洋-KY","531,006","18,011,654","34.20","34.20","33.70","33.75","-0.05","358"
"6005","群益證","1,161,423","10,825,373","9.31","9.36","9.23","9.33","+0.02","323"
"6024","群益期","655,527","31,340,329","47.95","48.35","47.60","47.60","-0.20","358"
"6108","競國","239,003","6,915,087","29.20","29.25","28.80","28.95","-0.05","158"
"6112","聚碩","151,588","5,487,580","36.10","36.35","36.10","36.20","+0.10","112"
"6115","鎰勝","26,100","1,129,800","43.30","43.30","43.20","43.20","+0.05","16"
"6116","彩晶","8,321,556","57,126,770","6.91","6.93","6.83","6.83","-0.05","2,210"
"6117","迎廣","15,330","194,991","12.75","12.75","12.70","12.70"," 0.00","5"
"6120","達運","1,277,561","24,317,799","19.10","19.25","18.90","18.90","-0.15","649"
"6128","上福","35,131","1,241,567","35.30","35.65","35.15","35.25"," 0.00","32"
"6131","悠克","187,362","412,324","2.33","2.33","2.20","2.20","-0.06","21"
"6133","金橋","180,195","1,531,466","8.60","8.60","8.47","8.51","+0.05","48"
"6136","富爾特","88,255","1,825,288","20.75","20.75","20.60","20.60","-0.05","57"
"6139","亞翔","156,058","4,315,724","27.60","27.80","27.60","27.80","+0.20","83"
"6141","柏承","721,000","13,614,100","18.90","19.00","18.70","18.85","+0.10","313"
"6142","友勁","106,392","769,798","7.25","7.30","7.20","7.26","+0.01","36"
"6152","百一","83,254","400,826","4.81","4.88","4.73","4.81","+0.01","36"
"6153","嘉聯益","5,072,260","146,732,940","28.90","29.30","28.55","28.80","+0.70","2,553"
"6155","鈞寶","280,237","5,879,877","21.10","21.20","20.80","21.15","+0.40","148"
"6164","華興","343,465","2,588,152","7.72","7.72","7.47","7.55","-0.21","155"
"6165","捷泰","29,014","231,962","8.00","8.03","7.91","8.03"," 0.00","22"
"6166","凌華","324,332","12,456,231","39.20","39.20","38.00","38.00","-0.90","227"
"6168","宏齊","815,135","11,452,264","14.20","14.30","13.90","14.00","-0.10","322"
"6172","互億","751,866","13,208,864","18.15","18.50","16.80","17.05","+0.20","454"
"6176","瑞儀","3,135,579","314,385,962","98.00","102.00","97.90","102.00","+4.80","2,271"
"6177","達麗","346,245","10,512,197","30.60","30.60","30.20","30.30","-0.20","188"
"6183","關貿","152,855","5,255,658","34.05","34.75","34.00","34.75","+0.70","107"
"6184","大豐電","44,014","1,647,523","37.40","37.50","37.30","37.30","-0.10","26"
"6189","豐藝","200,313","6,608,890","33.00","33.10","32.90","32.95"," 0.00","123"
"6191","精成科","598,207","8,241,931","13.70","13.85","13.70","13.75","+0.10","256"
"6192","巨路","41,100","3,046,600","73.60","74.30","73.60","74.30","+0.90","31"
"6196","帆宣","419,285","20,630,212","48.50","49.75","48.50","49.65","+1.15","178"
"6197","佳必琪","83,378","2,481,159","29.75","30.30","29.60","29.80","+0.20","74"
"6201","亞弘電","66,100","2,326,730","35.20","35.30","35.05","35.05","-0.15","33"
"6202","盛群","753,410","49,985,403","66.40","66.90","66.00","66.10","-0.20","611"
"6205","詮欣","19,000","511,800","27.20","27.20","26.75","27.00","+0.40","12"
"6206","飛捷","61,289","4,944,550","80.20","81.00","80.20","81.00","+0.20","64"
"6209","今國光","301,903","8,779,843","29.30","29.35","28.90","28.95","+0.05","219"
"6213","聯茂","8,557,978","786,711,212","88.00","94.60","87.20","94.60","+8.60","5,803"
"6214","精誠","595,516","43,866,718","73.90","74.10","73.40","73.60","+0.50","480"
"6215","和椿","259,165","4,249,421","16.10","16.50","16.10","16.50","+0.40","114"
"6216","居易","44,748","1,266,316","28.50","28.50","28.20","28.20","-0.20","42"
"6224","聚鼎","66,002","3,650,022","55.60","55.60","55.10","55.30","-0.30","58"
"6225","天瀚","7,190","21,077","2.86","2.99","2.86","2.99","-0.09","4"
"6226","光鼎","145,751","1,139,859","7.94","7.94","7.78","7.78","-0.04","32"
"6230","超眾","6,033,910","1,019,288,200","162.00","173.50","162.00","170.00","+11.50","4,569"
"6235","華孚","265,253","3,116,894","11.70","11.85","11.65","11.75","+0.05","122"
"6239","力成","1,252,630","93,576,381","74.40","75.20","74.10","75.20","+1.10","739"
"6243","迅杰","48,145","443,910","9.30","9.30","9.15","9.17","-0.08","44"
"6251","定穎","218,733","1,983,465","9.03","9.13","9.01","9.13","+0.13","97"
"6257","矽格","453,055","13,093,847","28.90","28.95","28.80","28.95","+0.45","254"
"6269","台郡","2,613,927","204,928,105","77.80","79.10","77.50","79.10","+1.80","1,791"
"6271","同欣電","712,087","72,615,374","102.00","102.50","101.00","101.50"," 0.00","467"
"6277","宏正","101,350","9,130,973","90.20","90.30","89.80","89.80","-0.30","89"
"6278","台表科","6,895,374","370,460,080","53.20","54.30","52.90","53.90","+1.60","4,023"
"6281","全國電","164,706","10,790,741","65.60","65.70","65.30","65.50"," 0.00","70"
"6282","康舒","754,013","14,705,701","19.50","19.65","19.30","19.40","+0.10","418"
"6283","淳安","106,468","3,728,136","34.50","35.20","34.50","34.90","+0.40","90"
"6285","啟碁","1,058,614","74,279,783","70.00","70.50","69.80","70.50","+1.40","759"
"6288","聯嘉","179,009","3,096,470","17.45","17.45","17.25","17.25"," 0.00","104"
"6289","華上","17,891","10,914","0.60","0.62","0.60","0.62","+0.01","17"
"6405","悅城","13,000","184,650","14.10","14.25","14.10","14.25","+0.15","7"
"6409","旭隼","306,100","179,297,100","582.00","589.00","582.00","585.00"," 0.00","82"
"6412","群電","280,020","13,521,166","48.10","48.60","47.60","48.15","+0.60","117"
"6414","樺漢","534,721","112,403,930","208.00","213.00","206.50","213.00","+7.50","497"
"6415","矽力-KY","500,713","218,892,007","450.00","451.00","421.50","439.50","-11.50","493"
"6416","瑞祺電通","85,000","6,250,900","74.00","74.10","73.00","73.40","+0.50","69"
"6431","光麗-KY","52,000","1,412,250","27.25","27.25","27.00","27.10","-0.10","35"
"6442","光聖","10,200","392,190","38.45","38.50","38.45","38.45"," 0.00","11"
"6443","元晶","1,060,926","6,410,100","6.09","6.12","6.01","6.03","-0.05","300"
"6449","鈺邦","169,006","4,651,630","27.70","27.70","27.40","27.45","-0.25","130"
"6451","訊芯-KY","2,451,224","232,901,588","92.80","97.00","91.60","96.30","+6.50","1,972"
"6452","康友-KY","217,222","46,639,618","215.50","215.50","214.00","215.00","+1.50","196"
"6456","GIS-KY","2,320,271","231,391,914","99.50","100.50","99.00","99.40","+1.30","1,591"
"6464","台數科","15,050","1,617,875","107.00","108.00","107.00","108.00","+1.00","11"
"6477","安集","465,218","10,872,501","23.15","23.55","23.15","23.55","+0.60","228"
"6504","南六","15,000","2,438,000","162.00","163.00","161.00","162.50","+3.00","14"
"6505","台塑化","1,392,829","160,777,664","115.00","116.00","114.50","116.00","+1.00","944"
"6525","捷敏-KY","72,432","4,844,227","67.10","67.40","66.50","67.10","+0.80","72"
"6531","愛普","37,009","1,364,356","37.00","37.40","36.70","36.70","+0.15","25"
"6533","晶心科","1,031,602","106,818,710","102.00","106.00","100.50","106.00","+5.00","823"
"6541","泰福-KY","78,000","5,865,900","76.00","76.00","74.30","74.80","+0.10","51"
"6552","易華電","6,580,170","585,216,551","89.50","90.60","87.30","89.30","+1.80","4,539"
"6558","興能高","898,121","52,171,314","58.80","58.80","57.60","58.10","+0.60","701"
"6573","虹揚-KY","24,000","582,150","24.05","24.70","24.05","24.10","+0.10","9"
"6579","研揚","140,003","11,456,147","81.50","82.30","81.40","81.40","+0.60","97"
"6581","鋼聯","2,000","189,200","94.60","94.60","94.60","94.60","+0.30","2"
"6582","申豐","21,000","1,126,000","54.00","54.00","53.50","53.50","-0.30","19"
"6591","動力-KY","146,100","6,176,970","41.35","42.55","41.35","42.30","+1.05","124"
"6605","帝寶","160,793","10,977,459","68.70","69.10","68.00","68.30","-0.20","130"
"6625","必應","10,000","515,200","51.40","51.70","51.30","51.60","-0.20","9"
"6641","基士德-KY","37,627","2,389,828","63.90","63.90","63.40","63.50","+0.30","31"
"6655","科定","49,000","2,617,000","53.50","53.70","52.50","52.60","-0.70","29"
"6666","羅麗芬-KY","64,100","11,613,350","182.50","182.50","180.50","182.00","+2.00","40"
"6668","中揚光","144,150","8,370,529","61.90","61.90","55.20","60.00","-0.50","129"
"6669","緯穎","2,287,477","803,704,835","354.50","355.00","342.50","355.00","+30.50","1,938"
"6670","復盛應用","456,300","79,306,500","176.00","176.50","172.00","173.50","-1.00","369"
"6671","三能-KY","0","0","0.00","0.00","0.00","0.00"," 0.00","0"
"6672","騰輝電子-KY","158,000","11,512,600","73.10","73.20","72.50","72.70","+0.90","134"
"6674","鋐寶科技","10,000","298,200","30.35","30.35","29.70","29.75","+0.10","9"
"8011","台通","147,253","2,349,651","16.10","16.15","15.80","15.95","-0.05","96"
"8016","矽創","4,349,507","588,620,207","134.00","138.50","131.00","138.00","+7.00","2,995"
"8021","尖點","165,157","3,144,883","19.15","19.15","19.00","19.05","+0.15","120"
"8028","昇陽半導體","686,866","30,500,877","44.40","44.60","44.05","44.55","+0.95","450"
"8033","雷虎","554,588","6,096,405","11.00","11.15","10.90","10.95","+0.10","233"
"8039","台虹","989,399","37,583,509","37.60","38.40","37.50","38.15","+0.75","602"
"8046","南電","9,952,838","331,413,478","32.30","34.20","32.00","34.10","+2.55","5,083"
"8070","長華","90,483","13,499,916","148.50","150.50","148.50","150.00","+1.50","76"
"8072","陞泰","15,684","325,024","20.60","20.80","20.60","20.80","+0.25","12"
"8081","致新","864,152","75,854,965","86.10","88.80","86.10","88.50","+2.80","747"
"8101","華冠","281,142","802,265","2.90","2.92","2.84","2.84","-0.04","81"
"8103","瀚荃","34,503","830,171","24.00","24.40","24.00","24.40","+0.40","28"
"8104","錸寶","142,520","9,511,940","67.30","67.30","66.50","67.00","-0.30","115"
"8105","凌巨","815,682","8,551,975","10.40","10.65","10.40","10.45","+0.10","338"
"8110","華東","491,600","4,592,377","9.36","9.41","9.31","9.34","-0.01","280"
"8112","至上","5,222,226","156,772,378","30.45","30.45","29.65","30.20","-1.10","2,943"
"8114","振樺電","34,324","3,579,520","104.50","104.50","104.00","104.00"," 0.00","38"
"8131","福懋科","218,495","7,444,575","34.00","34.35","34.00","34.05","-0.20","161"
"8150","南茂","3,215,816","75,984,068","23.70","23.90","23.40","23.65","+0.30","1,677"
"8163","達方","987,975","41,860,629","42.10","42.70","41.90","42.60","+0.85","751"
"8201","無敵","13,050","160,064","12.25","12.35","12.20","12.35","+0.10","13"
"8210","勤誠","661,176","41,951,110","62.10","64.20","62.10","63.70","+2.00","545"
"8213","志超","2,045,432","73,865,316","35.80","36.55","35.70","36.50","+1.05","1,260"
"8215","明基材","1,319,502","31,336,400","23.85","23.90","23.50","23.85","+0.45","758"
"8222","寶一","1,563,732","34,941,347","22.40","22.85","21.85","22.20","+0.40","924"
"8249","菱光","26,101","568,337","21.65","21.85","21.60","21.85","+0.25","30"
"8261","富鼎","486,631","12,263,975","24.95","25.50","24.95","25.15","+0.75","382"
"8271","宇瞻","76,764","2,463,646","32.05","32.15","32.05","32.15"," 0.00","77"
"8341","日友","274,334","73,996,680","274.50","274.50","266.50","269.00","+1.50","268"
"8367","建新國際","12,000","265,250","22.00","22.35","22.00","22.35","+0.35","8"
"8374","羅昇","36,600","707,740","19.35","19.50","19.30","19.30","+0.05","20"
"8404","百和興業-KY","372,900","17,825,427","47.80","48.00","47.40","48.00","+0.20","134"
"8411","福貞-KY","30,230","458,972","15.00","15.35","15.00","15.10","+0.10","21"
"8422","可寧衛","110,275","18,623,975","169.00","169.50","168.50","168.50","-0.50","135"
"8427","基勝-KY","0","0","0.00","0.00","0.00","0.00"," 0.00","0"
"8429","金麗-KY","103,650","1,548,400","14.95","15.00","14.90","15.00","+0.10","70"
"8442","威宏-KY","80,000","4,728,500","59.50","59.60","58.50","58.80","-0.70","29"
"8443","阿瘦","8,002","95,224","11.90","11.95","11.85","11.95","+0.05","9"
"8454","富邦媒","35,010","8,516,950","242.50","244.00","242.00","243.50","+1.00","33"
"8462","柏文","51,355","12,678,652","249.50","249.50","246.00","247.50","+1.50","61"
"8463","潤泰材","33,000","827,500","25.15","25.20","25.00","25.10"," 0.00","29"
"8464","億豐","1,037,056","221,716,456","218.00","219.00","211.00","212.50","-7.00","787"
"8466","美吉吉-KY","53,274","3,716,525","70.00","70.10","69.20","69.90","+0.80","40"
"8467","波力-KY","6,000","253,250","43.00","43.00","42.00","42.10","+0.10","6"
"8473","山林水","297,492","15,301,872","52.70","52.70","50.10","52.00","-0.70","266"
"8478","東哥遊艇","28,000","1,150,000","40.90","41.35","40.65","40.70","+0.10","24"
"8480","泰昇-KY","0","0","0.00","0.00","0.00","0.00"," 0.00","0"
"8481","政伸","4,000","240,600","60.10","60.20","60.10","60.10","-0.90","4"
"8482","商億-KY","129,000","17,587,000","138.00","138.00","133.00","137.00","-0.50","67"
"8488","吉源-KY","12,000","186,300","15.40","15.80","15.30","15.80"," 0.00","10"
"8497","格威傳媒","7,000","341,600","48.70","49.00","48.70","49.00"," 0.00","7"
"8499","鼎炫-KY","57,000","5,456,000","96.50","96.90","95.00","95.00","+0.30","54"
"8926","台汽電","914,793","24,804,333","27.10","27.25","27.00","27.05","-0.05","468"
"8940","新天地","21,200","260,970","12.40","12.40","12.25","12.30","-0.05","9"
"8996","高力","74,014","3,060,432","41.50","41.85","40.90","41.65","+0.15","54"
"9103","美德醫療-DR","66,000","67,960","1.03","1.03","1.02","1.03"," 0.00","6"
"910322","康師傅-DR","19,000","476,550","23.80","25.65","23.80","25.60","+1.00","7"
"910482","聖馬丁-DR","778","217","0.00","0.00","0.00","0.00"," 0.00","2"
"9105","泰金寶-DR","1,627,602","3,836,385","2.37","2.37","2.35","2.36","-0.01","194"
"910861","神州-DR","20,000","160,980","7.98","8.20","7.98","8.20","+0.30","9"
"9110","越南控-DR","15,011","26,579","1.78","1.81","1.73","1.81","+0.01","9"
"911608","明輝-DR","0","0","0.00","0.00","0.00","0.00"," 0.00","0"
"911616","杜康-DR","22,000","17,570","0.79","0.80","0.79","0.80"," 0.00","9"
"911619","耀傑-DR","0","0","0.00","0.00","0.00","0.00"," 0.00","0"
"911622","泰聚亨-DR","0","0","0.00","0.00","0.00","0.00"," 0.00","0"
"911868","同方友友-DR","4,000","4,640","1.17","1.17","1.15","1.17","+0.01","3"
"912000","晨訊科-DR","32,000","83,790","2.62","2.69","2.58","2.58","-0.01","24"
"912398","友佳-DR","22,000","99,030","4.51","4.51","4.50","4.50"," 0.00","6"
"9136","巨騰-DR","49,000","377,690","7.69","7.75","7.68","7.73","+0.10","22"
"9157","陽光能源-DR","29,000","16,460","0.64","0.64","0.56","0.63","X0.00","7"
"9188","精熙-DR","41,000","198,440","4.84","4.84","4.84","4.84","X0.00","4"
"9802","鈺齊-KY","664,630","46,712,453","70.30","70.90","69.70","70.90","+0.40","456"
"9902","台火","125,600","1,257,704","10.00","10.10","9.97","10.05","-0.05","71"
"9904","寶成","5,766,221","215,779,710","37.35","37.60","37.25","37.50","+0.30","2,589"
"9905","大華","44,452","1,102,609","24.90","24.90","24.70","24.70"," 0.00","41"
"9906","欣巴巴","24,036","290,783","12.15","12.20","12.00","12.05","-0.15","19"
"9907","統一實","536,853","6,664,574","12.50","12.50","12.40","12.45"," 0.00","330"
"9908","大台北","87,170","2,534,584","29.10","29.15","29.05","29.05","-0.05","68"
"9910","豐泰","1,224,776","299,835,620","246.00","249.00","241.00","244.50","+1.00","1,065"
"9911","櫻花","539,693","23,757,060","43.60","44.50","43.00","44.40","+1.30","358"
"9912","偉聯","36,013","329,887","9.20","9.21","9.08","9.09","+0.04","36"
"9914","美利達","833,973","146,086,258","173.50","177.00","172.50","176.50","+3.00","654"
"9917","中保","149,650","13,234,550","87.30","89.40","87.30","88.50"," 0.00","155"
"9918","欣天然","31","1,037","0.00","0.00","0.00","0.00"," 0.00","3"
"9919","康那香","36,408","390,162","10.70","10.75","10.65","10.65","-0.05","24"
"9921","巨大","1,332,890","305,561,360","227.00","230.50","224.00","230.00","+4.50","626"
"9924","福興","1,991,276","91,743,215","44.50","47.80","44.20","45.05","+0.95","1,346"
"9925","新保","48,120","1,834,089","38.10","38.15","38.05","38.15"," 0.00","48"
"9926","新海","10,000","405,150","40.50","40.55","40.50","40.55","+0.05","8"
"9927","泰銘","42,560","1,318,502","30.90","31.10","30.90","31.00","+0.15","44"
"9928","中視","2,023","9,909","4.90","4.90","4.90","4.90","-0.03","3"
"9929","秋雨","43,002","748,784","17.50","17.75","17.10","17.50","-0.10","18"
"9930","中聯資源","85,921","4,480,550","52.20","52.30","52.00","52.00","-0.20","68"
"9931","欣高","7,000","229,950","32.85","32.85","32.85","32.85","+0.15","6"
"9933","中鼎","1,174,593","54,019,936","46.30","46.35","45.80","45.90"," 0.00","621"
"9934","成霖","556,261","10,083,233","18.10","18.20","18.05","18.15","+0.10","231"
"9935","慶豐富","337,136","8,176,247","24.15","24.40","24.15","24.25","+0.15","151"
"9937","全國","25,491","1,089,489","43.40","43.40","42.65","42.65","-0.10","20"
"9938","百和","1,722,987","129,841,715","75.50","76.40","74.70","75.70","+2.20","1,028"
"9939","宏全","305,768","15,819,627","51.90","51.90","51.60","51.90","+0.10","204"
"9940","信義","275,513","9,079,591","33.05","33.20","32.80","33.00","-0.05","162"
"9941","裕融","419,369","46,586,828","111.50","112.00","110.50","111.50","+0.50","289"
"9941A","裕融甲特","29,174","1,558,390","53.40","53.60","53.40","53.60"," 0.00","17"
"9942","茂順","78,350","5,630,450","72.30","72.30","71.60","71.80","-0.20","62"
"9943","好樂迪","281,300","18,674,039","66.40","66.40","66.30","66.40"," 0.00","144"
"9944","新麗","332,120","6,095,084","18.35","18.65","18.15","18.15","-0.20","132"
"9945","潤泰新","1,331,931","55,071,551","41.05","41.55","41.05","41.30","+0.60","818"
"9946","三發地產","1,681,125","35,065,697","20.90","21.00","20.80","20.85","+0.25","640"
"9955","佳龍","3,578,460","60,731,118","16.50","17.50","16.25","16.25","-0.45","1,652"
"9958","世紀鋼","4,252,430","297,196,438","70.10","70.70","69.10","70.10","+1.40","2,684"
